State_Name,FIPS_Code,Population,Bedroom_Size,2017_01,2017_02,2017_03,2017_04,2017_05,2017_06,2017_07,2017_08,2017_09,2017_10,2017_11,2017_12,2018_01,2018_02,2018_03,2018_04,2018_05,2018_06,2018_07,2018_08,2018_09,2018_10,2018_11,2018_12,2019_01,2019_02,2019_03,2019_04,2019_05,2019_06,2019_07,2019_08,2019_09,2019_10,2019_11,2019_12,2020_01,2020_02,2020_03,2020_04,2020_05,2020_06,2020_07,2020_08,2020_09,2020_10,2020_11,2020_12,2021_01,2021_02,2021_03,2021_04,2021_05,2021_06,2021_07,2021_08,2021_09,2021_10,2021_11,2021_12,2022_01,2022_02,2022_03,2022_04,2022_05,2022_06,2022_07,2022_08,2022_09
Alabama,1,4876250,_Overall, 778.00, 783.00, 784.00, 785.00, 788.00, 793.00, 799.00, 799.00, 802.00, 791.00, 785.00, 773.00, 773.00, 771.00, 776.00, 784.00, 794.00, 805.00, 813.00, 818.00, 819.00, 818.00, 815.00, 812.00, 812.00, 814.00, 823.00, 830.00, 837.00, 845.00, 852.00, 856.00, 855.00, 852.00, 847.00, 847.00, 847.00, 850.00, 850.00, 848.00, 847.00, 848.00, 858.00, 867.00, 877.00, 881.00, 884.00, 885.00, 893.00, 897.00, 903.00, 906.00, 923.00, 943.00, 969.00, 987.00,1001.00, 999.00, 995.00, 993.00, 999.00,1006.00,1012.00,1022.00,1038.00,1055.00,1068.00,1069.00,1063.00
Alabama,1,4876250,1br, 607.00, 611.00, 612.00, 613.00, 615.00, 619.00, 623.00, 623.00, 626.00, 618.00, 612.00, 603.00, 603.00, 602.00, 606.00, 612.00, 620.00, 628.00, 635.00, 638.00, 639.00, 638.00, 636.00, 634.00, 634.00, 636.00, 642.00, 648.00, 653.00, 659.00, 665.00, 668.00, 667.00, 665.00, 661.00, 661.00, 661.00, 664.00, 664.00, 661.00, 661.00, 662.00, 669.00, 677.00, 684.00, 688.00, 690.00, 690.00, 697.00, 700.00, 704.00, 707.00, 720.00, 736.00, 756.00, 770.00, 781.00, 780.00, 776.00, 775.00, 780.00, 785.00, 790.00, 797.00, 810.00, 823.00, 833.00, 834.00, 830.00
Alabama,1,4876250,2br, 745.00, 750.00, 751.00, 752.00, 755.00, 760.00, 765.00, 766.00, 769.00, 759.00, 752.00, 741.00, 740.00, 739.00, 744.00, 751.00, 761.00, 771.00, 779.00, 784.00, 785.00, 784.00, 781.00, 779.00, 778.00, 780.00, 789.00, 796.00, 802.00, 810.00, 816.00, 821.00, 819.00, 816.00, 812.00, 812.00, 812.00, 815.00, 815.00, 812.00, 812.00, 813.00, 822.00, 831.00, 840.00, 845.00, 847.00, 848.00, 856.00, 859.00, 865.00, 868.00, 884.00, 903.00, 929.00, 946.00, 959.00, 958.00, 954.00, 952.00, 958.00, 964.00, 970.00, 979.00, 994.00,1011.00,1023.00,1024.00,1019.00
Alaska,2,737068,_Overall,1199.00,1195.00,1208.00,1204.00,1208.00,1199.00,1189.00,1168.00,1153.00,1155.00,1181.00,1189.00,1218.00,1212.00,1257.00,1316.00,1331.00,1320.00,1266.00,1262.00,1250.00,1247.00,1246.00,1251.00,1251.00,1255.00,1254.00,1265.00,1280.00,1284.00,1286.00,1274.00,1260.00,1245.00,1237.00,1242.00,1262.00,1282.00,1298.00,1304.00,1315.00,1318.00,1335.00,1328.00,1326.00,1308.00,1308.00,1313.00,1315.00,1319.00,1324.00,1334.00,1347.00,1360.00,1371.00,1401.00,1442.00,1475.00,1477.00,1467.00,1474.00,1487.00,1508.00,1526.00,1549.00,1583.00,1608.00,1630.00,1639.00
Alaska,2,737068,1br, 882.00, 879.00, 889.00, 886.00, 889.00, 882.00, 874.00, 859.00, 848.00, 849.00, 869.00, 875.00, 896.00, 892.00, 924.00, 968.00, 979.00, 971.00, 931.00, 928.00, 919.00, 917.00, 916.00, 920.00, 920.00, 923.00, 922.00, 930.00, 941.00, 945.00, 946.00, 937.00, 927.00, 916.00, 910.00, 914.00, 928.00, 943.00, 955.00, 959.00, 967.00, 969.00, 982.00, 977.00, 976.00, 962.00, 962.00, 965.00, 967.00, 970.00, 974.00, 981.00, 991.00,1000.00,1008.00,1031.00,1060.00,1085.00,1086.00,1079.00,1084.00,1093.00,1109.00,1123.00,1139.00,1165.00,1183.00,1199.00,1205.00
Alaska,2,737068,2br,1199.00,1195.00,1208.00,1204.00,1208.00,1199.00,1189.00,1168.00,1153.00,1155.00,1181.00,1189.00,1218.00,1212.00,1257.00,1316.00,1331.00,1320.00,1266.00,1262.00,1250.00,1247.00,1246.00,1251.00,1251.00,1255.00,1254.00,1265.00,1280.00,1284.00,1286.00,1274.00,1260.00,1245.00,1237.00,1242.00,1262.00,1282.00,1298.00,1304.00,1315.00,1318.00,1335.00,1328.00,1326.00,1308.00,1308.00,1313.00,1315.00,1319.00,1324.00,1334.00,1347.00,1360.00,1371.00,1401.00,1442.00,1475.00,1477.00,1467.00,1474.00,1487.00,1508.00,1526.00,1549.00,1583.00,1608.00,1630.00,1639.00
Arizona,4,7050299,_Overall, 934.00, 939.00, 946.00, 953.00, 967.00, 975.00, 981.00, 977.00, 977.00, 977.00, 979.00, 979.00, 982.00, 985.00, 993.00,1001.00,1010.00,1017.00,1026.00,1034.00,1040.00,1047.00,1050.00,1054.00,1056.00,1063.00,1071.00,1083.00,1093.00,1106.00,1113.00,1120.00,1122.00,1124.00,1126.00,1131.00,1138.00,1145.00,1149.00,1135.00,1123.00,1117.00,1133.00,1148.00,1161.00,1171.00,1179.00,1188.00,1197.00,1209.00,1227.00,1254.00,1293.00,1340.00,1392.00,1448.00,1492.00,1515.00,1518.00,1518.00,1519.00,1524.00,1530.00,1536.00,1540.00,1549.00,1554.00,1555.00,1544.00
Arizona,4,7050299,1br, 734.00, 738.00, 743.00, 749.00, 760.00, 767.00, 771.00, 768.00, 768.00, 768.00, 770.00, 770.00, 772.00, 774.00, 781.00, 787.00, 794.00, 800.00, 807.00, 813.00, 818.00, 823.00, 825.00, 829.00, 830.00, 836.00, 842.00, 851.00, 859.00, 869.00, 875.00, 881.00, 882.00, 884.00, 885.00, 889.00, 895.00, 900.00, 903.00, 893.00, 883.00, 878.00, 890.00, 903.00, 913.00, 921.00, 927.00, 934.00, 941.00, 950.00, 964.00, 986.00,1016.00,1053.00,1094.00,1139.00,1173.00,1191.00,1193.00,1194.00,1194.00,1198.00,1203.00,1207.00,1211.00,1217.00,1222.00,1222.00,1214.00
Arizona,4,7050299,2br, 894.00, 899.00, 905.00, 912.00, 925.00, 933.00, 939.00, 935.00, 935.00, 936.00, 937.00, 938.00, 940.00, 943.00, 951.00, 958.00, 967.00, 974.00, 982.00, 990.00, 996.00,1002.00,1005.00,1009.00,1011.00,1018.00,1025.00,1036.00,1046.00,1058.00,1066.00,1072.00,1074.00,1076.00,1078.00,1083.00,1090.00,1096.00,1100.00,1087.00,1075.00,1070.00,1084.00,1099.00,1111.00,1121.00,1129.00,1137.00,1146.00,1157.00,1174.00,1200.00,1238.00,1283.00,1333.00,1386.00,1428.00,1450.00,1453.00,1453.00,1454.00,1459.00,1465.00,1470.00,1474.00,1482.00,1488.00,1488.00,1478.00
Arkansas,5,2999370,_Overall, 768.00, 762.00, 773.00, 769.00, 773.00, 765.00, 760.00, 755.00, 747.00, 734.00, 718.00, 709.00, 716.00, 728.00, 748.00, 757.00, 761.00, 761.00, 762.00, 767.00, 757.00, 752.00, 740.00, 746.00, 751.00, 760.00, 762.00, 760.00, 764.00, 767.00, 774.00, 773.00, 769.00, 766.00, 769.00, 775.00, 777.00, 782.00, 784.00, 785.00, 782.00, 785.00, 794.00, 805.00, 813.00, 819.00, 820.00, 818.00, 816.00, 815.00, 822.00, 830.00, 844.00, 860.00, 876.00, 890.00, 897.00, 899.00, 895.00, 889.00, 889.00, 898.00, 916.00, 933.00, 954.00, 975.00, 989.00, 999.00,1004.00
Arkansas,5,2999370,1br, 585.00, 580.00, 588.00, 586.00, 588.00, 582.00, 578.00, 575.00, 569.00, 559.00, 547.00, 540.00, 545.00, 554.00, 570.00, 576.00, 579.00, 579.00, 580.00, 583.00, 576.00, 572.00, 563.00, 568.00, 571.00, 578.00, 580.00, 579.00, 581.00, 584.00, 589.00, 588.00, 585.00, 583.00, 585.00, 590.00, 591.00, 595.00, 597.00, 597.00, 595.00, 598.00, 604.00, 613.00, 619.00, 623.00, 624.00, 622.00, 621.00, 620.00, 625.00, 632.00, 642.00, 655.00, 667.00, 677.00, 683.00, 684.00, 682.00, 676.00, 677.00, 684.00, 697.00, 710.00, 726.00, 742.00, 753.00, 760.00, 764.00
Arkansas,5,2999370,2br, 742.00, 737.00, 747.00, 744.00, 747.00, 739.00, 734.00, 730.00, 722.00, 709.00, 694.00, 686.00, 692.00, 704.00, 723.00, 731.00, 735.00, 735.00, 737.00, 741.00, 732.00, 727.00, 715.00, 721.00, 726.00, 734.00, 736.00, 735.00, 738.00, 741.00, 748.00, 747.00, 743.00, 741.00, 743.00, 749.00, 751.00, 756.00, 758.00, 758.00, 755.00, 759.00, 767.00, 778.00, 786.00, 791.00, 793.00, 790.00, 789.00, 788.00, 794.00, 802.00, 816.00, 831.00, 847.00, 860.00, 867.00, 869.00, 865.00, 859.00, 860.00, 868.00, 886.00, 902.00, 922.00, 942.00, 956.00, 965.00, 971.00
California,6,39283497,_Overall,1557.00,1561.00,1564.00,1574.00,1594.00,1613.00,1619.00,1619.00,1617.00,1608.00,1596.00,1590.00,1594.00,1603.00,1619.00,1636.00,1652.00,1665.00,1674.00,1683.00,1683.00,1675.00,1665.00,1661.00,1663.00,1670.00,1677.00,1685.00,1694.00,1707.00,1718.00,1723.00,1720.00,1713.00,1702.00,1696.00,1700.00,1708.00,1711.00,1694.00,1674.00,1661.00,1659.00,1652.00,1638.00,1622.00,1612.00,1603.00,1608.00,1619.00,1642.00,1666.00,1697.00,1733.00,1776.00,1824.00,1858.00,1867.00,1859.00,1852.00,1863.00,1883.00,1909.00,1929.00,1950.00,1969.00,1986.00,1993.00,1988.00
California,6,39283497,1br,1312.00,1315.00,1317.00,1326.00,1343.00,1358.00,1364.00,1364.00,1362.00,1354.00,1345.00,1339.00,1343.00,1350.00,1364.00,1378.00,1392.00,1403.00,1410.00,1418.00,1417.00,1411.00,1402.00,1399.00,1401.00,1407.00,1413.00,1419.00,1427.00,1438.00,1447.00,1451.00,1449.00,1443.00,1434.00,1428.00,1432.00,1439.00,1441.00,1427.00,1410.00,1399.00,1398.00,1392.00,1379.00,1367.00,1358.00,1351.00,1354.00,1363.00,1383.00,1403.00,1429.00,1460.00,1496.00,1536.00,1565.00,1573.00,1566.00,1560.00,1569.00,1586.00,1608.00,1625.00,1642.00,1659.00,1673.00,1679.00,1675.00
California,6,39283497,2br,1592.00,1595.00,1598.00,1608.00,1629.00,1648.00,1655.00,1655.00,1653.00,1643.00,1631.00,1624.00,1629.00,1638.00,1655.00,1671.00,1688.00,1702.00,1711.00,1720.00,1720.00,1712.00,1701.00,1698.00,1700.00,1707.00,1714.00,1722.00,1732.00,1744.00,1755.00,1761.00,1758.00,1750.00,1740.00,1733.00,1737.00,1746.00,1749.00,1732.00,1711.00,1697.00,1696.00,1689.00,1673.00,1658.00,1647.00,1639.00,1643.00,1654.00,1678.00,1703.00,1734.00,1771.00,1815.00,1864.00,1899.00,1908.00,1900.00,1893.00,1904.00,1924.00,1951.00,1972.00,1993.00,2013.00,2029.00,2037.00,2032.00
Colorado,8,5610349,_Overall,1200.00,1202.00,1219.00,1235.00,1265.00,1280.00,1292.00,1287.00,1280.00,1267.00,1253.00,1242.00,1240.00,1245.00,1257.00,1273.00,1290.00,1306.00,1318.00,1324.00,1320.00,1312.00,1303.00,1300.00,1299.00,1304.00,1312.00,1322.00,1335.00,1348.00,1359.00,1361.00,1354.00,1344.00,1331.00,1323.00,1323.00,1328.00,1337.00,1331.00,1323.00,1315.00,1322.00,1328.00,1329.00,1323.00,1315.00,1308.00,1311.00,1320.00,1339.00,1363.00,1399.00,1443.00,1489.00,1531.00,1556.00,1557.00,1541.00,1525.00,1522.00,1530.00,1547.00,1571.00,1599.00,1624.00,1638.00,1641.00,1635.00
Colorado,8,5610349,1br,1028.00,1030.00,1044.00,1058.00,1084.00,1097.00,1107.00,1103.00,1097.00,1086.00,1073.00,1064.00,1062.00,1067.00,1077.00,1091.00,1105.00,1119.00,1129.00,1134.00,1131.00,1124.00,1117.00,1114.00,1113.00,1117.00,1124.00,1133.00,1144.00,1155.00,1164.00,1166.00,1160.00,1151.00,1141.00,1134.00,1133.00,1138.00,1146.00,1140.00,1133.00,1127.00,1133.00,1138.00,1139.00,1134.00,1126.00,1120.00,1123.00,1131.00,1147.00,1168.00,1199.00,1237.00,1276.00,1311.00,1333.00,1334.00,1320.00,1307.00,1304.00,1311.00,1325.00,1346.00,1370.00,1391.00,1403.00,1406.00,1401.00
Colorado,8,5610349,2br,1198.00,1200.00,1217.00,1233.00,1263.00,1278.00,1290.00,1285.00,1278.00,1265.00,1251.00,1240.00,1238.00,1243.00,1255.00,1271.00,1288.00,1304.00,1316.00,1322.00,1318.00,1310.00,1301.00,1298.00,1297.00,1302.00,1310.00,1320.00,1333.00,1346.00,1356.00,1358.00,1352.00,1342.00,1329.00,1321.00,1321.00,1326.00,1335.00,1329.00,1321.00,1313.00,1320.00,1326.00,1327.00,1321.00,1313.00,1306.00,1309.00,1318.00,1337.00,1361.00,1397.00,1441.00,1487.00,1528.00,1553.00,1554.00,1539.00,1523.00,1519.00,1527.00,1544.00,1569.00,1596.00,1621.00,1635.00,1638.00,1633.00
Connecticut,9,3575074,_Overall,1183.00,1180.00,1183.00,1199.00,1215.00,1223.00,1221.00,1224.00,1214.00,1211.00,1201.00,1197.00,1195.00,1200.00,1220.00,1240.00,1256.00,1268.00,1274.00,1276.00,1277.00,1272.00,1266.00,1256.00,1257.00,1262.00,1270.00,1281.00,1291.00,1302.00,1309.00,1308.00,1300.00,1286.00,1274.00,1268.00,1266.00,1269.00,1278.00,1284.00,1281.00,1276.00,1276.00,1286.00,1296.00,1304.00,1312.00,1313.00,1316.00,1318.00,1334.00,1360.00,1393.00,1426.00,1462.00,1493.00,1515.00,1503.00,1488.00,1471.00,1472.00,1477.00,1498.00,1528.00,1559.00,1590.00,1611.00,1620.00,1608.00
Connecticut,9,3575074,1br, 975.00, 972.00, 975.00, 988.00,1001.00,1008.00,1006.00,1008.00,1000.00, 997.00, 990.00, 986.00, 984.00, 989.00,1005.00,1022.00,1034.00,1045.00,1049.00,1051.00,1052.00,1047.00,1043.00,1034.00,1035.00,1039.00,1046.00,1055.00,1063.00,1073.00,1078.00,1078.00,1071.00,1059.00,1049.00,1044.00,1043.00,1045.00,1052.00,1057.00,1055.00,1051.00,1051.00,1059.00,1067.00,1074.00,1081.00,1081.00,1084.00,1086.00,1099.00,1120.00,1148.00,1175.00,1204.00,1230.00,1248.00,1238.00,1226.00,1212.00,1213.00,1217.00,1234.00,1259.00,1284.00,1310.00,1327.00,1334.00,1324.00
Connecticut,9,3575074,2br,1234.00,1231.00,1235.00,1251.00,1267.00,1276.00,1274.00,1277.00,1266.00,1263.00,1253.00,1248.00,1246.00,1252.00,1273.00,1294.00,1310.00,1323.00,1329.00,1331.00,1332.00,1327.00,1321.00,1310.00,1311.00,1316.00,1325.00,1336.00,1347.00,1359.00,1366.00,1365.00,1356.00,1341.00,1329.00,1323.00,1321.00,1324.00,1333.00,1339.00,1337.00,1332.00,1332.00,1341.00,1352.00,1361.00,1369.00,1370.00,1373.00,1375.00,1392.00,1419.00,1454.00,1488.00,1525.00,1557.00,1580.00,1568.00,1552.00,1535.00,1536.00,1541.00,1562.00,1594.00,1627.00,1659.00,1680.00,1690.00,1677.00
Delaware,10,957248,_Overall,1039.00,1049.00,1048.00,1027.00,1035.00,1041.00,1044.00,1068.00,1070.00,1076.00,1063.00,1057.00,1054.00,1044.00,1043.00,1049.00,1061.00,1078.00,1094.00,1103.00,1117.00,1112.00,1112.00,1097.00,1103.00,1104.00,1113.00,1126.00,1146.00,1164.00,1168.00,1169.00,1166.00,1157.00,1150.00,1141.00,1152.00,1155.00,1165.00,1160.00,1169.00,1179.00,1194.00,1199.00,1194.00,1204.00,1219.00,1238.00,1248.00,1258.00,1277.00,1297.00,1323.00,1346.00,1368.00,1394.00,1427.00,1450.00,1467.00,1479.00,1482.00,1492.00,1488.00,1511.00,1530.00,1571.00,1592.00,1594.00,1576.00
Delaware,10,957248,1br, 837.00, 846.00, 845.00, 828.00, 835.00, 839.00, 842.00, 861.00, 863.00, 867.00, 857.00, 852.00, 850.00, 842.00, 840.00, 846.00, 855.00, 869.00, 882.00, 889.00, 901.00, 896.00, 896.00, 884.00, 889.00, 890.00, 898.00, 908.00, 924.00, 939.00, 942.00, 943.00, 940.00, 932.00, 927.00, 919.00, 929.00, 931.00, 939.00, 935.00, 942.00, 951.00, 963.00, 967.00, 962.00, 971.00, 983.00, 998.00,1006.00,1014.00,1029.00,1046.00,1067.00,1085.00,1103.00,1124.00,1151.00,1169.00,1182.00,1193.00,1195.00,1203.00,1200.00,1219.00,1234.00,1266.00,1283.00,1285.00,1271.00
Delaware,10,957248,2br,1029.00,1040.00,1039.00,1018.00,1026.00,1032.00,1035.00,1059.00,1061.00,1066.00,1054.00,1048.00,1045.00,1035.00,1033.00,1040.00,1051.00,1068.00,1084.00,1093.00,1108.00,1102.00,1102.00,1087.00,1093.00,1094.00,1104.00,1117.00,1136.00,1154.00,1158.00,1159.00,1155.00,1146.00,1140.00,1130.00,1142.00,1144.00,1155.00,1150.00,1159.00,1169.00,1184.00,1189.00,1183.00,1193.00,1208.00,1227.00,1237.00,1246.00,1266.00,1286.00,1311.00,1334.00,1356.00,1382.00,1415.00,1437.00,1454.00,1466.00,1469.00,1479.00,1475.00,1498.00,1517.00,1557.00,1577.00,1580.00,1562.00
District of Columbia,11,692683,_Overall,1726.00,1736.00,1737.00,1748.00,1763.00,1773.00,1786.00,1791.00,1786.00,1765.00,1733.00,1709.00,1708.00,1711.00,1727.00,1737.00,1764.00,1788.00,1808.00,1814.00,1808.00,1793.00,1768.00,1755.00,1753.00,1763.00,1774.00,1789.00,1810.00,1825.00,1833.00,1838.00,1835.00,1820.00,1801.00,1789.00,1785.00,1797.00,1811.00,1782.00,1774.00,1750.00,1762.00,1726.00,1680.00,1636.00,1591.00,1571.00,1571.00,1582.00,1604.00,1616.00,1646.00,1683.00,1734.00,1780.00,1806.00,1801.00,1785.00,1768.00,1767.00,1766.00,1777.00,1791.00,1813.00,1836.00,1859.00,1878.00,1879.00
District of Columbia,11,692683,1br,1687.00,1696.00,1698.00,1708.00,1723.00,1733.00,1745.00,1751.00,1745.00,1725.00,1693.00,1670.00,1669.00,1672.00,1688.00,1698.00,1724.00,1748.00,1767.00,1773.00,1767.00,1753.00,1728.00,1715.00,1713.00,1723.00,1733.00,1748.00,1769.00,1783.00,1791.00,1796.00,1793.00,1779.00,1760.00,1748.00,1745.00,1756.00,1769.00,1742.00,1734.00,1711.00,1722.00,1686.00,1642.00,1599.00,1555.00,1535.00,1536.00,1546.00,1568.00,1579.00,1609.00,1645.00,1694.00,1739.00,1765.00,1760.00,1744.00,1728.00,1727.00,1726.00,1736.00,1750.00,1772.00,1794.00,1817.00,1836.00,1837.00
District of Columbia,11,692683,2br,1667.00,1676.00,1677.00,1688.00,1702.00,1712.00,1725.00,1730.00,1725.00,1704.00,1673.00,1650.00,1649.00,1652.00,1667.00,1678.00,1704.00,1727.00,1746.00,1752.00,1746.00,1732.00,1707.00,1695.00,1692.00,1702.00,1713.00,1727.00,1748.00,1762.00,1770.00,1775.00,1772.00,1757.00,1739.00,1727.00,1724.00,1735.00,1748.00,1721.00,1713.00,1690.00,1702.00,1666.00,1622.00,1580.00,1536.00,1517.00,1517.00,1528.00,1549.00,1561.00,1589.00,1625.00,1674.00,1718.00,1744.00,1739.00,1724.00,1707.00,1706.00,1706.00,1716.00,1730.00,1751.00,1772.00,1795.00,1814.00,1815.00
Florida,12,20901636,_Overall,1143.00,1145.00,1145.00,1152.00,1165.00,1174.00,1180.00,1178.00,1179.00,1180.00,1182.00,1183.00,1183.00,1187.00,1195.00,1204.00,1215.00,1223.00,1228.00,1233.00,1232.00,1232.00,1230.00,1230.00,1230.00,1232.00,1238.00,1244.00,1252.00,1258.00,1262.00,1261.00,1258.00,1253.00,1250.00,1250.00,1253.00,1257.00,1260.00,1248.00,1233.00,1222.00,1226.00,1233.00,1237.00,1241.00,1246.00,1253.00,1265.00,1276.00,1294.00,1319.00,1358.00,1410.00,1470.00,1535.00,1588.00,1619.00,1631.00,1634.00,1641.00,1653.00,1669.00,1688.00,1708.00,1727.00,1736.00,1735.00,1727.00
Florida,12,20901636,1br, 945.00, 946.00, 946.00, 952.00, 963.00, 970.00, 975.00, 974.00, 974.00, 976.00, 976.00, 977.00, 978.00, 981.00, 987.00, 995.00,1004.00,1010.00,1015.00,1019.00,1018.00,1018.00,1016.00,1016.00,1017.00,1018.00,1023.00,1028.00,1034.00,1039.00,1043.00,1042.00,1039.00,1036.00,1033.00,1033.00,1035.00,1039.00,1041.00,1031.00,1019.00,1010.00,1013.00,1019.00,1023.00,1026.00,1030.00,1035.00,1045.00,1055.00,1070.00,1090.00,1122.00,1165.00,1215.00,1268.00,1313.00,1338.00,1348.00,1350.00,1356.00,1366.00,1379.00,1395.00,1411.00,1427.00,1434.00,1434.00,1427.00
Florida,12,20901636,2br,1130.00,1131.00,1131.00,1138.00,1151.00,1160.00,1166.00,1164.00,1165.00,1166.00,1167.00,1169.00,1169.00,1173.00,1180.00,1190.00,1200.00,1208.00,1213.00,1218.00,1217.00,1217.00,1215.00,1215.00,1216.00,1218.00,1224.00,1230.00,1237.00,1243.00,1247.00,1246.00,1243.00,1238.00,1235.00,1235.00,1238.00,1242.00,1245.00,1233.00,1219.00,1208.00,1211.00,1218.00,1223.00,1226.00,1232.00,1238.00,1250.00,1261.00,1279.00,1303.00,1342.00,1393.00,1453.00,1517.00,1569.00,1600.00,1612.00,1614.00,1622.00,1633.00,1649.00,1668.00,1687.00,1706.00,1715.00,1714.00,1706.00
Georgia,13,10403847,_Overall, 980.00, 986.00, 992.00, 999.00,1013.00,1023.00,1029.00,1026.00,1025.00,1020.00,1019.00,1015.00,1015.00,1014.00,1020.00,1029.00,1040.00,1049.00,1056.00,1060.00,1062.00,1059.00,1055.00,1053.00,1055.00,1060.00,1066.00,1072.00,1077.00,1082.00,1087.00,1092.00,1092.00,1087.00,1079.00,1074.00,1074.00,1079.00,1084.00,1077.00,1069.00,1066.00,1076.00,1090.00,1100.00,1106.00,1108.00,1112.00,1118.00,1126.00,1138.00,1156.00,1183.00,1218.00,1263.00,1308.00,1345.00,1361.00,1364.00,1357.00,1355.00,1356.00,1363.00,1372.00,1384.00,1399.00,1412.00,1416.00,1413.00
Georgia,13,10403847,1br, 878.00, 883.00, 888.00, 895.00, 907.00, 916.00, 922.00, 919.00, 918.00, 914.00, 913.00, 909.00, 909.00, 908.00, 914.00, 921.00, 932.00, 940.00, 945.00, 950.00, 951.00, 949.00, 945.00, 943.00, 945.00, 949.00, 955.00, 960.00, 964.00, 969.00, 974.00, 978.00, 978.00, 973.00, 967.00, 962.00, 962.00, 967.00, 971.00, 965.00, 958.00, 954.00, 964.00, 976.00, 985.00, 990.00, 993.00, 996.00,1001.00,1008.00,1019.00,1035.00,1059.00,1091.00,1131.00,1172.00,1205.00,1219.00,1222.00,1215.00,1213.00,1214.00,1221.00,1229.00,1239.00,1253.00,1264.00,1268.00,1266.00
Georgia,13,10403847,2br, 915.00, 921.00, 926.00, 932.00, 945.00, 955.00, 961.00, 958.00, 956.00, 953.00, 951.00, 947.00, 947.00, 947.00, 952.00, 960.00, 971.00, 979.00, 985.00, 990.00, 991.00, 989.00, 984.00, 983.00, 985.00, 989.00, 995.00,1001.00,1005.00,1010.00,1015.00,1019.00,1019.00,1014.00,1007.00,1002.00,1002.00,1007.00,1011.00,1006.00, 998.00, 995.00,1005.00,1017.00,1027.00,1032.00,1035.00,1038.00,1044.00,1051.00,1062.00,1079.00,1104.00,1137.00,1179.00,1221.00,1256.00,1270.00,1273.00,1266.00,1264.00,1266.00,1272.00,1280.00,1292.00,1306.00,1318.00,1322.00,1319.00
Hawaii,15,1422094,_Overall,1629.00,1718.00,1746.00,1799.00,1816.00,1855.00,1871.00,1869.00,1858.00,1855.00,1872.00,1851.00,1887.00,1899.00,1934.00,1941.00,1955.00,1978.00,1996.00,2020.00,2052.00,2082.00,2073.00,2052.00,2039.00,2029.00,2034.00,2042.00,2033.00,2006.00,1964.00,1980.00,1983.00,2026.00,2050.00,2085.00,2081.00,2056.00,2027.00,1977.00,1941.00,1920.00,1935.00,1934.00,1941.00,1959.00,2018.00,2049.00,2062.00,2075.00,2116.00,2162.00,2243.00,2276.00,2311.00,2326.00,2363.00,2402.00,2390.00,2382.00,2368.00,2386.00,2414.00,2413.00,2432.00,2422.00,2422.00,2380.00,2343.00
Hawaii,15,1422094,1br,1220.00,1286.00,1307.00,1347.00,1360.00,1389.00,1401.00,1399.00,1392.00,1389.00,1402.00,1386.00,1413.00,1422.00,1448.00,1453.00,1464.00,1482.00,1494.00,1513.00,1537.00,1559.00,1552.00,1537.00,1527.00,1520.00,1524.00,1529.00,1522.00,1502.00,1471.00,1483.00,1485.00,1517.00,1536.00,1561.00,1559.00,1540.00,1518.00,1481.00,1453.00,1438.00,1449.00,1448.00,1454.00,1467.00,1511.00,1535.00,1545.00,1554.00,1585.00,1619.00,1680.00,1704.00,1731.00,1742.00,1770.00,1799.00,1790.00,1784.00,1773.00,1787.00,1808.00,1807.00,1821.00,1814.00,1814.00,1782.00,1755.00
Hawaii,15,1422094,2br,1638.00,1727.00,1756.00,1809.00,1826.00,1865.00,1882.00,1879.00,1869.00,1865.00,1882.00,1861.00,1898.00,1910.00,1945.00,1951.00,1966.00,1989.00,2007.00,2031.00,2064.00,2094.00,2084.00,2063.00,2050.00,2041.00,2046.00,2053.00,2044.00,2017.00,1975.00,1991.00,1994.00,2037.00,2062.00,2096.00,2093.00,2067.00,2038.00,1988.00,1951.00,1930.00,1945.00,1945.00,1952.00,1970.00,2029.00,2061.00,2074.00,2087.00,2128.00,2174.00,2256.00,2288.00,2324.00,2339.00,2376.00,2416.00,2403.00,2395.00,2381.00,2400.00,2427.00,2426.00,2445.00,2435.00,2436.00,2393.00,2356.00
Idaho,16,1717750,_Overall, 699.00, 698.00, 703.00, 727.00, 764.00, 790.00, 801.00, 782.00, 772.00, 770.00, 768.00, 774.00, 775.00, 785.00, 791.00, 808.00, 827.00, 858.00, 871.00, 875.00, 852.00, 830.00, 809.00, 798.00, 797.00, 812.00, 825.00, 850.00, 873.00, 900.00, 909.00, 909.00, 892.00, 866.00, 845.00, 845.00, 857.00, 869.00, 878.00, 878.00, 881.00, 892.00, 915.00, 937.00, 949.00, 955.00, 951.00, 954.00, 962.00, 988.00,1026.00,1080.00,1139.00,1200.00,1234.00,1245.00,1232.00,1196.00,1170.00,1153.00,1169.00,1178.00,1198.00,1228.00,1258.00,1268.00,1268.00,1259.00,1246.00
Idaho,16,1717750,1br, 516.00, 515.00, 519.00, 537.00, 565.00, 583.00, 592.00, 577.00, 570.00, 568.00, 567.00, 572.00, 573.00, 580.00, 584.00, 597.00, 611.00, 633.00, 643.00, 646.00, 629.00, 613.00, 598.00, 589.00, 589.00, 600.00, 609.00, 628.00, 645.00, 664.00, 671.00, 671.00, 659.00, 640.00, 624.00, 624.00, 633.00, 642.00, 648.00, 648.00, 651.00, 659.00, 676.00, 692.00, 701.00, 705.00, 702.00, 704.00, 711.00, 729.00, 758.00, 798.00, 841.00, 887.00, 911.00, 919.00, 910.00, 883.00, 864.00, 852.00, 863.00, 870.00, 885.00, 907.00, 929.00, 937.00, 936.00, 930.00, 920.00
Idaho,16,1717750,2br, 659.00, 658.00, 664.00, 686.00, 721.00, 745.00, 756.00, 738.00, 728.00, 726.00, 725.00, 731.00, 732.00, 741.00, 747.00, 762.00, 780.00, 809.00, 822.00, 826.00, 804.00, 784.00, 764.00, 753.00, 752.00, 766.00, 778.00, 802.00, 824.00, 849.00, 858.00, 858.00, 842.00, 817.00, 798.00, 798.00, 808.00, 820.00, 828.00, 828.00, 831.00, 842.00, 864.00, 884.00, 895.00, 901.00, 898.00, 900.00, 908.00, 932.00, 969.00,1019.00,1075.00,1133.00,1164.00,1175.00,1163.00,1129.00,1105.00,1089.00,1103.00,1112.00,1130.00,1159.00,1187.00,1197.00,1196.00,1188.00,1176.00
Illinois,17,12770631,_Overall, 991.00,1002.00,1011.00,1027.00,1040.00,1050.00,1054.00,1048.00,1044.00,1032.00,1026.00,1018.00,1023.00,1024.00,1033.00,1041.00,1053.00,1061.00,1066.00,1066.00,1062.00,1051.00,1043.00,1039.00,1040.00,1044.00,1052.00,1066.00,1083.00,1093.00,1097.00,1093.00,1085.00,1075.00,1068.00,1070.00,1072.00,1078.00,1080.00,1080.00,1078.00,1070.00,1068.00,1064.00,1056.00,1038.00,1020.00,1004.00,1001.00,1010.00,1035.00,1062.00,1089.00,1114.00,1136.00,1152.00,1162.00,1157.00,1148.00,1141.00,1145.00,1154.00,1167.00,1188.00,1212.00,1232.00,1243.00,1247.00,1246.00
Illinois,17,12770631,1br, 867.00, 876.00, 884.00, 898.00, 909.00, 918.00, 921.00, 917.00, 913.00, 902.00, 897.00, 890.00, 894.00, 895.00, 903.00, 910.00, 921.00, 928.00, 932.00, 932.00, 928.00, 919.00, 912.00, 908.00, 910.00, 912.00, 920.00, 932.00, 947.00, 956.00, 959.00, 955.00, 949.00, 940.00, 933.00, 935.00, 938.00, 942.00, 944.00, 944.00, 942.00, 935.00, 934.00, 930.00, 923.00, 908.00, 892.00, 878.00, 875.00, 883.00, 905.00, 929.00, 952.00, 974.00, 993.00,1007.00,1016.00,1011.00,1004.00, 997.00,1001.00,1009.00,1020.00,1039.00,1059.00,1077.00,1087.00,1091.00,1089.00
Illinois,17,12770631,2br, 997.00,1008.00,1017.00,1033.00,1046.00,1057.00,1060.00,1055.00,1050.00,1038.00,1033.00,1024.00,1029.00,1030.00,1039.00,1047.00,1060.00,1067.00,1073.00,1072.00,1068.00,1058.00,1049.00,1045.00,1047.00,1050.00,1059.00,1072.00,1089.00,1100.00,1104.00,1099.00,1092.00,1081.00,1074.00,1076.00,1079.00,1084.00,1086.00,1086.00,1084.00,1076.00,1074.00,1070.00,1062.00,1044.00,1026.00,1010.00,1007.00,1016.00,1041.00,1069.00,1096.00,1120.00,1143.00,1159.00,1169.00,1163.00,1155.00,1148.00,1152.00,1161.00,1174.00,1195.00,1219.00,1239.00,1251.00,1255.00,1253.00
Indiana,18,6665703,_Overall, 768.00, 769.00, 773.00, 784.00, 792.00, 797.00, 800.00, 798.00, 795.00, 792.00, 794.00, 795.00, 792.00, 789.00, 795.00, 806.00, 817.00, 825.00, 829.00, 828.00, 827.00, 824.00, 822.00, 818.00, 816.00, 817.00, 823.00, 833.00, 848.00, 857.00, 862.00, 859.00, 853.00, 848.00, 846.00, 846.00, 849.00, 854.00, 857.00, 857.00, 859.00, 866.00, 877.00, 883.00, 884.00, 879.00, 877.00, 876.00, 880.00, 884.00, 889.00, 899.00, 915.00, 934.00, 957.00, 978.00, 998.00,1003.00,1004.00,1001.00,1002.00,1006.00,1014.00,1027.00,1044.00,1064.00,1079.00,1086.00,1085.00
Indiana,18,6665703,1br, 623.00, 624.00, 627.00, 636.00, 642.00, 646.00, 649.00, 647.00, 645.00, 643.00, 644.00, 645.00, 642.00, 640.00, 645.00, 654.00, 663.00, 669.00, 673.00, 672.00, 671.00, 669.00, 666.00, 663.00, 662.00, 663.00, 667.00, 676.00, 687.00, 696.00, 700.00, 697.00, 692.00, 688.00, 686.00, 686.00, 688.00, 693.00, 695.00, 695.00, 697.00, 703.00, 712.00, 716.00, 717.00, 713.00, 712.00, 710.00, 714.00, 717.00, 721.00, 729.00, 742.00, 757.00, 776.00, 793.00, 810.00, 814.00, 814.00, 812.00, 812.00, 816.00, 822.00, 833.00, 847.00, 863.00, 876.00, 881.00, 880.00
Indiana,18,6665703,2br, 775.00, 776.00, 780.00, 791.00, 799.00, 804.00, 808.00, 806.00, 803.00, 800.00, 802.00, 802.00, 799.00, 797.00, 803.00, 814.00, 825.00, 833.00, 837.00, 836.00, 835.00, 832.00, 830.00, 826.00, 824.00, 825.00, 831.00, 842.00, 856.00, 866.00, 871.00, 867.00, 862.00, 856.00, 854.00, 854.00, 857.00, 862.00, 865.00, 865.00, 867.00, 875.00, 886.00, 891.00, 893.00, 888.00, 886.00, 884.00, 888.00, 892.00, 898.00, 908.00, 924.00, 943.00, 966.00, 988.00,1008.00,1013.00,1013.00,1011.00,1011.00,1016.00,1023.00,1037.00,1054.00,1074.00,1090.00,1096.00,1095.00
Iowa,19,3139508,_Overall, 817.00, 812.00, 814.00, 821.00, 838.00, 844.00, 848.00, 826.00, 819.00, 810.00, 811.00, 803.00, 798.00, 794.00, 798.00, 807.00, 818.00, 823.00, 823.00, 823.00, 820.00, 818.00, 812.00, 817.00, 820.00, 822.00, 820.00, 823.00, 828.00, 833.00, 837.00, 839.00, 840.00, 838.00, 835.00, 831.00, 829.00, 825.00, 828.00, 827.00, 828.00, 830.00, 835.00, 839.00, 840.00, 836.00, 835.00, 830.00, 832.00, 835.00, 843.00, 849.00, 856.00, 865.00, 872.00, 880.00, 885.00, 886.00, 887.00, 887.00, 891.00, 895.00, 901.00, 909.00, 920.00, 932.00, 942.00, 945.00, 942.00
Iowa,19,3139508,1br, 633.00, 629.00, 631.00, 635.00, 649.00, 654.00, 657.00, 640.00, 634.00, 627.00, 628.00, 622.00, 618.00, 615.00, 618.00, 625.00, 634.00, 637.00, 637.00, 637.00, 635.00, 634.00, 629.00, 633.00, 635.00, 636.00, 635.00, 637.00, 641.00, 645.00, 648.00, 650.00, 650.00, 649.00, 647.00, 644.00, 642.00, 639.00, 641.00, 641.00, 641.00, 642.00, 647.00, 650.00, 650.00, 647.00, 646.00, 643.00, 644.00, 647.00, 653.00, 657.00, 663.00, 670.00, 675.00, 681.00, 685.00, 686.00, 687.00, 687.00, 690.00, 693.00, 698.00, 704.00, 712.00, 722.00, 730.00, 731.00, 730.00
Iowa,19,3139508,2br, 839.00, 833.00, 836.00, 842.00, 860.00, 867.00, 870.00, 848.00, 841.00, 831.00, 832.00, 825.00, 819.00, 815.00, 819.00, 828.00, 840.00, 845.00, 844.00, 845.00, 842.00, 840.00, 834.00, 839.00, 842.00, 843.00, 842.00, 844.00, 850.00, 855.00, 859.00, 862.00, 862.00, 860.00, 858.00, 853.00, 851.00, 847.00, 850.00, 849.00, 850.00, 852.00, 858.00, 861.00, 862.00, 858.00, 857.00, 852.00, 854.00, 857.00, 865.00, 872.00, 879.00, 888.00, 895.00, 903.00, 908.00, 910.00, 911.00, 911.00, 914.00, 919.00, 925.00, 933.00, 945.00, 956.00, 968.00, 970.00, 967.00
Kansas,20,2910652,_Overall, 798.00, 797.00, 802.00, 812.00, 821.00, 826.00, 825.00, 824.00, 825.00, 823.00, 825.00, 824.00, 825.00, 822.00, 824.00, 834.00, 843.00, 854.00, 855.00, 858.00, 846.00, 841.00, 833.00, 834.00, 838.00, 842.00, 850.00, 855.00, 861.00, 871.00, 876.00, 876.00, 869.00, 864.00, 860.00, 859.00, 861.00, 866.00, 872.00, 871.00, 872.00, 875.00, 883.00, 888.00, 890.00, 884.00, 882.00, 880.00, 881.00, 884.00, 891.00, 906.00, 923.00, 940.00, 956.00, 972.00, 984.00, 985.00, 982.00, 980.00, 982.00, 989.00,1000.00,1021.00,1040.00,1061.00,1071.00,1077.00,1078.00
Kansas,20,2910652,1br, 627.00, 626.00, 630.00, 638.00, 645.00, 649.00, 649.00, 647.00, 648.00, 647.00, 649.00, 647.00, 648.00, 646.00, 648.00, 655.00, 663.00, 671.00, 672.00, 674.00, 665.00, 661.00, 655.00, 656.00, 658.00, 662.00, 668.00, 672.00, 677.00, 684.00, 689.00, 688.00, 683.00, 679.00, 676.00, 675.00, 677.00, 681.00, 685.00, 684.00, 686.00, 688.00, 694.00, 698.00, 699.00, 695.00, 693.00, 691.00, 692.00, 695.00, 700.00, 712.00, 726.00, 739.00, 751.00, 764.00, 773.00, 774.00, 772.00, 770.00, 772.00, 777.00, 786.00, 802.00, 818.00, 834.00, 842.00, 847.00, 847.00
Kansas,20,2910652,2br, 789.00, 788.00, 794.00, 803.00, 812.00, 817.00, 817.00, 815.00, 816.00, 814.00, 817.00, 815.00, 816.00, 813.00, 816.00, 825.00, 834.00, 845.00, 846.00, 849.00, 837.00, 832.00, 825.00, 825.00, 829.00, 833.00, 841.00, 846.00, 852.00, 861.00, 867.00, 867.00, 860.00, 855.00, 851.00, 850.00, 852.00, 857.00, 862.00, 861.00, 863.00, 866.00, 874.00, 878.00, 880.00, 875.00, 872.00, 870.00, 872.00, 875.00, 881.00, 897.00, 913.00, 930.00, 946.00, 961.00, 973.00, 974.00, 972.00, 969.00, 972.00, 979.00, 990.00,1010.00,1029.00,1050.00,1060.00,1066.00,1066.00
Kentucky,21,4449052,_Overall, 751.00, 760.00, 765.00, 766.00, 772.00, 781.00, 785.00, 780.00, 765.00, 757.00, 752.00, 754.00, 750.00, 768.00, 768.00, 772.00, 763.00, 773.00, 781.00, 781.00, 773.00, 774.00, 766.00, 768.00, 764.00, 775.00, 784.00, 788.00, 791.00, 792.00, 794.00, 793.00, 790.00, 788.00, 784.00, 780.00, 782.00, 788.00, 794.00, 793.00, 793.00, 795.00, 801.00, 806.00, 808.00, 808.00, 806.00, 804.00, 802.00, 803.00, 808.00, 819.00, 830.00, 845.00, 862.00, 875.00, 882.00, 881.00, 883.00, 883.00, 889.00, 897.00, 910.00, 926.00, 946.00, 963.00, 975.00, 980.00, 973.00
Kentucky,21,4449052,1br, 603.00, 610.00, 615.00, 616.00, 620.00, 627.00, 631.00, 626.00, 615.00, 608.00, 604.00, 606.00, 603.00, 617.00, 617.00, 620.00, 613.00, 621.00, 627.00, 628.00, 621.00, 622.00, 615.00, 617.00, 614.00, 622.00, 630.00, 633.00, 636.00, 636.00, 638.00, 637.00, 634.00, 633.00, 630.00, 627.00, 628.00, 633.00, 638.00, 637.00, 637.00, 639.00, 644.00, 648.00, 650.00, 649.00, 647.00, 646.00, 644.00, 645.00, 649.00, 658.00, 666.00, 679.00, 692.00, 703.00, 709.00, 708.00, 709.00, 709.00, 714.00, 720.00, 731.00, 744.00, 760.00, 774.00, 783.00, 788.00, 782.00
Kentucky,21,4449052,2br, 739.00, 748.00, 753.00, 754.00, 760.00, 768.00, 773.00, 767.00, 753.00, 745.00, 740.00, 742.00, 738.00, 756.00, 756.00, 760.00, 751.00, 761.00, 768.00, 769.00, 761.00, 762.00, 754.00, 756.00, 752.00, 762.00, 771.00, 776.00, 779.00, 779.00, 781.00, 780.00, 777.00, 775.00, 771.00, 768.00, 770.00, 776.00, 782.00, 781.00, 780.00, 783.00, 789.00, 794.00, 796.00, 796.00, 793.00, 792.00, 789.00, 791.00, 795.00, 806.00, 816.00, 832.00, 848.00, 861.00, 868.00, 867.00, 869.00, 869.00, 875.00, 883.00, 895.00, 912.00, 931.00, 948.00, 960.00, 965.00, 958.00
Louisiana,22,4664362,_Overall, 937.00, 939.00, 941.00, 948.00, 956.00, 960.00, 955.00, 952.00, 954.00, 948.00, 936.00, 916.00, 923.00, 924.00, 928.00, 923.00, 931.00, 935.00, 929.00, 919.00, 909.00, 900.00, 892.00, 891.00, 888.00, 887.00, 887.00, 893.00, 898.00, 902.00, 902.00, 901.00, 896.00, 889.00, 881.00, 878.00, 875.00, 873.00, 873.00, 878.00, 881.00, 883.00, 885.00, 899.00, 906.00, 911.00, 907.00, 906.00, 903.00, 901.00, 907.00, 921.00, 943.00, 969.00, 992.00,1010.00,1021.00,1025.00,1029.00,1031.00,1034.00,1034.00,1035.00,1041.00,1050.00,1059.00,1065.00,1065.00,1064.00
Louisiana,22,4664362,1br, 796.00, 798.00, 800.00, 806.00, 813.00, 816.00, 811.00, 809.00, 811.00, 806.00, 795.00, 779.00, 785.00, 785.00, 789.00, 784.00, 792.00, 795.00, 790.00, 781.00, 772.00, 765.00, 759.00, 757.00, 755.00, 754.00, 754.00, 759.00, 763.00, 767.00, 767.00, 766.00, 762.00, 755.00, 749.00, 746.00, 744.00, 742.00, 742.00, 747.00, 749.00, 751.00, 752.00, 764.00, 770.00, 774.00, 770.00, 770.00, 767.00, 766.00, 771.00, 783.00, 802.00, 824.00, 843.00, 859.00, 868.00, 871.00, 875.00, 877.00, 879.00, 878.00, 879.00, 884.00, 892.00, 900.00, 905.00, 905.00, 904.00
Louisiana,22,4664362,2br, 926.00, 928.00, 930.00, 938.00, 945.00, 949.00, 944.00, 941.00, 943.00, 937.00, 925.00, 906.00, 912.00, 913.00, 917.00, 912.00, 921.00, 924.00, 919.00, 908.00, 898.00, 890.00, 882.00, 880.00, 878.00, 877.00, 877.00, 882.00, 888.00, 892.00, 892.00, 891.00, 886.00, 878.00, 871.00, 868.00, 865.00, 863.00, 863.00, 868.00, 871.00, 873.00, 875.00, 889.00, 896.00, 901.00, 896.00, 896.00, 893.00, 890.00, 896.00, 911.00, 932.00, 958.00, 981.00, 999.00,1009.00,1013.00,1017.00,1019.00,1022.00,1022.00,1023.00,1029.00,1038.00,1047.00,1052.00,1053.00,1051.00
Maryland,24,6018848,_Overall,1372.00,1376.00,1384.00,1394.00,1409.00,1416.00,1421.00,1414.00,1409.00,1400.00,1393.00,1386.00,1383.00,1384.00,1395.00,1404.00,1416.00,1423.00,1429.00,1430.00,1428.00,1428.00,1426.00,1427.00,1424.00,1426.00,1431.00,1443.00,1458.00,1470.00,1477.00,1477.00,1469.00,1461.00,1452.00,1448.00,1448.00,1453.00,1459.00,1455.00,1452.00,1450.00,1457.00,1460.00,1462.00,1458.00,1453.00,1450.00,1453.00,1460.00,1473.00,1494.00,1523.00,1556.00,1590.00,1620.00,1643.00,1650.00,1645.00,1636.00,1632.00,1636.00,1647.00,1665.00,1685.00,1704.00,1716.00,1718.00,1714.00
Maryland,24,6018848,1br,1132.00,1135.00,1142.00,1150.00,1162.00,1168.00,1172.00,1166.00,1162.00,1154.00,1149.00,1143.00,1141.00,1141.00,1150.00,1158.00,1168.00,1174.00,1179.00,1179.00,1178.00,1178.00,1176.00,1177.00,1175.00,1176.00,1180.00,1190.00,1203.00,1213.00,1218.00,1218.00,1211.00,1205.00,1198.00,1194.00,1194.00,1198.00,1203.00,1200.00,1197.00,1196.00,1201.00,1204.00,1206.00,1203.00,1199.00,1196.00,1198.00,1204.00,1215.00,1232.00,1256.00,1284.00,1312.00,1336.00,1355.00,1361.00,1357.00,1349.00,1346.00,1349.00,1359.00,1373.00,1390.00,1405.00,1415.00,1417.00,1414.00
Maryland,24,6018848,2br,1393.00,1397.00,1405.00,1415.00,1431.00,1437.00,1442.00,1436.00,1430.00,1421.00,1414.00,1406.00,1404.00,1405.00,1416.00,1425.00,1437.00,1445.00,1451.00,1451.00,1450.00,1450.00,1448.00,1448.00,1446.00,1447.00,1452.00,1464.00,1480.00,1493.00,1499.00,1499.00,1491.00,1483.00,1474.00,1470.00,1470.00,1475.00,1481.00,1477.00,1474.00,1472.00,1479.00,1482.00,1484.00,1480.00,1475.00,1472.00,1475.00,1483.00,1496.00,1516.00,1546.00,1580.00,1614.00,1645.00,1668.00,1675.00,1670.00,1661.00,1656.00,1661.00,1672.00,1690.00,1711.00,1730.00,1741.00,1744.00,1740.00
Massachusetts,25,6850553,_Overall,1371.00,1376.00,1390.00,1411.00,1441.00,1455.00,1463.00,1456.00,1440.00,1420.00,1398.00,1394.00,1393.00,1404.00,1416.00,1439.00,1464.00,1489.00,1501.00,1503.00,1494.00,1475.00,1457.00,1447.00,1449.00,1459.00,1471.00,1492.00,1519.00,1548.00,1565.00,1566.00,1550.00,1528.00,1505.00,1487.00,1486.00,1495.00,1513.00,1513.00,1499.00,1485.00,1476.00,1470.00,1445.00,1404.00,1362.00,1338.00,1345.00,1371.00,1410.00,1453.00,1500.00,1547.00,1593.00,1631.00,1656.00,1651.00,1634.00,1617.00,1616.00,1628.00,1648.00,1686.00,1728.00,1769.00,1790.00,1791.00,1781.00
Massachusetts,25,6850553,1br,1104.00,1108.00,1119.00,1136.00,1160.00,1171.00,1178.00,1172.00,1159.00,1143.00,1125.00,1122.00,1121.00,1130.00,1140.00,1158.00,1178.00,1198.00,1209.00,1210.00,1203.00,1188.00,1173.00,1165.00,1166.00,1174.00,1184.00,1201.00,1223.00,1246.00,1259.00,1260.00,1248.00,1230.00,1212.00,1197.00,1196.00,1203.00,1218.00,1218.00,1207.00,1196.00,1188.00,1183.00,1163.00,1130.00,1096.00,1077.00,1083.00,1104.00,1135.00,1169.00,1207.00,1245.00,1282.00,1313.00,1333.00,1329.00,1315.00,1302.00,1301.00,1310.00,1327.00,1357.00,1391.00,1424.00,1441.00,1441.00,1434.00
Massachusetts,25,6850553,2br,1463.00,1469.00,1483.00,1506.00,1538.00,1553.00,1561.00,1554.00,1536.00,1515.00,1492.00,1488.00,1486.00,1498.00,1511.00,1535.00,1562.00,1588.00,1602.00,1603.00,1594.00,1574.00,1554.00,1544.00,1546.00,1557.00,1569.00,1592.00,1621.00,1652.00,1670.00,1671.00,1654.00,1630.00,1606.00,1586.00,1586.00,1595.00,1614.00,1614.00,1600.00,1585.00,1575.00,1569.00,1542.00,1498.00,1453.00,1428.00,1435.00,1463.00,1505.00,1550.00,1600.00,1651.00,1700.00,1740.00,1767.00,1761.00,1744.00,1725.00,1725.00,1737.00,1758.00,1799.00,1844.00,1888.00,1910.00,1911.00,1901.00
Michigan,26,9965265,_Overall, 816.00, 819.00, 823.00, 826.00, 838.00, 850.00, 855.00, 859.00, 861.00, 860.00, 847.00, 833.00, 829.00, 832.00, 841.00, 856.00, 870.00, 882.00, 888.00, 891.00, 891.00, 881.00, 870.00, 857.00, 856.00, 865.00, 879.00, 892.00, 901.00, 907.00, 914.00, 915.00, 910.00, 903.00, 895.00, 890.00, 887.00, 893.00, 902.00, 898.00, 894.00, 896.00, 910.00, 921.00, 929.00, 933.00, 932.00, 929.00, 926.00, 928.00, 936.00, 950.00, 972.00, 994.00,1018.00,1039.00,1054.00,1056.00,1051.00,1045.00,1042.00,1045.00,1051.00,1067.00,1088.00,1105.00,1116.00,1114.00,1108.00
Michigan,26,9965265,1br, 650.00, 652.00, 655.00, 658.00, 668.00, 677.00, 681.00, 685.00, 686.00, 685.00, 675.00, 664.00, 661.00, 663.00, 670.00, 682.00, 693.00, 703.00, 707.00, 710.00, 710.00, 702.00, 693.00, 683.00, 682.00, 689.00, 700.00, 711.00, 718.00, 723.00, 728.00, 729.00, 725.00, 720.00, 713.00, 709.00, 707.00, 711.00, 718.00, 716.00, 713.00, 714.00, 725.00, 734.00, 740.00, 743.00, 743.00, 741.00, 738.00, 739.00, 746.00, 757.00, 774.00, 792.00, 812.00, 828.00, 840.00, 841.00, 837.00, 833.00, 831.00, 833.00, 838.00, 850.00, 867.00, 880.00, 889.00, 888.00, 883.00
Michigan,26,9965265,2br, 833.00, 836.00, 840.00, 843.00, 856.00, 868.00, 873.00, 877.00, 879.00, 878.00, 864.00, 850.00, 846.00, 849.00, 859.00, 874.00, 888.00, 900.00, 906.00, 910.00, 909.00, 899.00, 888.00, 875.00, 874.00, 882.00, 897.00, 910.00, 920.00, 926.00, 933.00, 934.00, 929.00, 922.00, 913.00, 908.00, 905.00, 911.00, 920.00, 917.00, 913.00, 914.00, 929.00, 940.00, 948.00, 952.00, 952.00, 949.00, 945.00, 947.00, 955.00, 970.00, 992.00,1014.00,1040.00,1061.00,1076.00,1078.00,1073.00,1066.00,1064.00,1067.00,1073.00,1089.00,1110.00,1128.00,1139.00,1137.00,1131.00
Minnesota,27,5563378,_Overall, 925.00, 930.00, 942.00, 954.00, 971.00, 976.00, 982.00, 980.00, 979.00, 975.00, 971.00, 971.00, 973.00, 979.00, 988.00, 999.00,1008.00,1016.00,1017.00,1017.00,1012.00,1006.00,1003.00,1001.00,1003.00,1006.00,1015.00,1026.00,1039.00,1047.00,1050.00,1048.00,1044.00,1038.00,1033.00,1029.00,1031.00,1038.00,1046.00,1046.00,1040.00,1036.00,1035.00,1033.00,1029.00,1017.00,1004.00, 991.00, 990.00, 995.00,1009.00,1023.00,1038.00,1048.00,1056.00,1063.00,1070.00,1068.00,1062.00,1056.00,1059.00,1067.00,1079.00,1091.00,1100.00,1107.00,1106.00,1105.00,1103.00
Minnesota,27,5563378,1br, 804.00, 808.00, 819.00, 829.00, 843.00, 848.00, 854.00, 851.00, 850.00, 847.00, 844.00, 844.00, 845.00, 850.00, 858.00, 868.00, 876.00, 882.00, 884.00, 884.00, 879.00, 874.00, 872.00, 870.00, 872.00, 874.00, 882.00, 892.00, 903.00, 910.00, 913.00, 911.00, 907.00, 902.00, 898.00, 894.00, 896.00, 902.00, 909.00, 909.00, 904.00, 900.00, 899.00, 898.00, 894.00, 884.00, 873.00, 861.00, 860.00, 865.00, 877.00, 889.00, 902.00, 911.00, 918.00, 924.00, 929.00, 928.00, 923.00, 917.00, 920.00, 927.00, 938.00, 948.00, 956.00, 962.00, 961.00, 960.00, 958.00
Minnesota,27,5563378,2br, 980.00, 985.00, 998.00,1011.00,1028.00,1034.00,1041.00,1038.00,1037.00,1032.00,1029.00,1029.00,1031.00,1037.00,1046.00,1059.00,1068.00,1076.00,1078.00,1077.00,1072.00,1065.00,1062.00,1061.00,1063.00,1066.00,1075.00,1087.00,1101.00,1109.00,1113.00,1110.00,1106.00,1100.00,1094.00,1090.00,1092.00,1100.00,1109.00,1108.00,1102.00,1097.00,1096.00,1094.00,1090.00,1078.00,1064.00,1050.00,1049.00,1054.00,1069.00,1084.00,1100.00,1110.00,1119.00,1126.00,1133.00,1131.00,1126.00,1118.00,1122.00,1130.00,1143.00,1156.00,1166.00,1173.00,1172.00,1171.00,1168.00
Mississippi,28,2984418,_Overall, 743.00, 746.00, 745.00, 745.00, 745.00, 749.00, 754.00, 756.00, 756.00, 757.00, 767.00, 776.00, 784.00, 789.00, 795.00, 802.00, 809.00, 814.00, 816.00, 815.00, 811.00, 806.00, 802.00, 806.00, 812.00, 817.00, 818.00, 821.00, 824.00, 828.00, 832.00, 833.00, 832.00, 828.00, 825.00, 825.00, 826.00, 831.00, 836.00, 840.00, 845.00, 845.00, 814.00, 813.00, 821.00, 864.00, 869.00, 866.00, 858.00, 857.00, 867.00, 882.00, 904.00, 924.00, 946.00, 967.00, 981.00, 982.00, 981.00, 975.00, 984.00, 992.00,1003.00,1008.00,1016.00,1024.00,1036.00,1050.00,1067.00
Mississippi,28,2984418,1br, 582.00, 584.00, 584.00, 583.00, 583.00, 587.00, 590.00, 592.00, 592.00, 593.00, 601.00, 608.00, 614.00, 618.00, 623.00, 628.00, 634.00, 638.00, 639.00, 638.00, 635.00, 631.00, 628.00, 631.00, 636.00, 640.00, 641.00, 643.00, 645.00, 649.00, 651.00, 652.00, 651.00, 649.00, 646.00, 646.00, 647.00, 651.00, 655.00, 658.00, 662.00, 662.00, 638.00, 637.00, 643.00, 677.00, 681.00, 678.00, 672.00, 672.00, 679.00, 691.00, 708.00, 724.00, 741.00, 757.00, 769.00, 770.00, 768.00, 764.00, 771.00, 777.00, 786.00, 790.00, 796.00, 802.00, 812.00, 822.00, 836.00
Mississippi,28,2984418,2br, 708.00, 711.00, 710.00, 709.00, 709.00, 713.00, 718.00, 720.00, 720.00, 721.00, 731.00, 739.00, 747.00, 751.00, 757.00, 764.00, 770.00, 776.00, 778.00, 776.00, 773.00, 767.00, 764.00, 768.00, 773.00, 778.00, 779.00, 782.00, 785.00, 789.00, 792.00, 793.00, 792.00, 789.00, 786.00, 785.00, 787.00, 792.00, 797.00, 800.00, 805.00, 805.00, 775.00, 774.00, 782.00, 823.00, 828.00, 824.00, 818.00, 817.00, 826.00, 840.00, 861.00, 880.00, 901.00, 921.00, 935.00, 936.00, 934.00, 929.00, 937.00, 945.00, 956.00, 960.00, 968.00, 975.00, 987.00,1000.00,1017.00
Missouri,29,6104910,_Overall, 801.00, 801.00, 813.00, 821.00, 838.00, 832.00, 833.00, 823.00, 821.00, 823.00, 827.00, 827.00, 825.00, 820.00, 823.00, 826.00, 833.00, 839.00, 841.00, 841.00, 838.00, 842.00, 840.00, 837.00, 834.00, 836.00, 843.00, 849.00, 858.00, 867.00, 871.00, 871.00, 867.00, 865.00, 860.00, 859.00, 859.00, 867.00, 872.00, 874.00, 873.00, 876.00, 882.00, 886.00, 883.00, 878.00, 874.00, 872.00, 872.00, 878.00, 889.00, 902.00, 915.00, 929.00, 941.00, 946.00, 951.00, 951.00, 953.00, 954.00, 957.00, 962.00, 970.00, 979.00, 993.00,1007.00,1018.00,1027.00,1030.00
Missouri,29,6104910,1br, 643.00, 643.00, 652.00, 659.00, 673.00, 668.00, 668.00, 660.00, 659.00, 661.00, 664.00, 664.00, 662.00, 658.00, 660.00, 662.00, 669.00, 673.00, 675.00, 675.00, 672.00, 676.00, 674.00, 672.00, 669.00, 671.00, 676.00, 682.00, 689.00, 696.00, 699.00, 699.00, 696.00, 694.00, 690.00, 689.00, 689.00, 696.00, 700.00, 702.00, 701.00, 703.00, 708.00, 711.00, 708.00, 704.00, 701.00, 700.00, 700.00, 704.00, 713.00, 724.00, 734.00, 745.00, 755.00, 759.00, 763.00, 763.00, 765.00, 765.00, 768.00, 772.00, 778.00, 786.00, 797.00, 808.00, 817.00, 824.00, 827.00
Missouri,29,6104910,2br, 793.00, 794.00, 805.00, 813.00, 830.00, 824.00, 825.00, 815.00, 813.00, 815.00, 819.00, 819.00, 817.00, 812.00, 815.00, 818.00, 825.00, 831.00, 833.00, 833.00, 830.00, 834.00, 832.00, 829.00, 826.00, 828.00, 834.00, 841.00, 850.00, 858.00, 862.00, 863.00, 859.00, 857.00, 852.00, 851.00, 850.00, 858.00, 864.00, 866.00, 865.00, 867.00, 874.00, 878.00, 874.00, 869.00, 866.00, 863.00, 864.00, 869.00, 881.00, 894.00, 906.00, 920.00, 932.00, 937.00, 942.00, 942.00, 944.00, 945.00, 948.00, 953.00, 961.00, 970.00, 983.00, 997.00,1009.00,1017.00,1020.00
Montana,30,1050649,_Overall,     NA,     NA,     NA,     NA,     NA,     NA,     NA,     NA,     NA,     NA,     NA,     NA, 950.00, 962.00, 961.00, 922.00, 877.00, 836.00, 839.00, 841.00, 840.00, 836.00, 840.00, 852.00, 855.00, 849.00, 836.00, 844.00, 851.00, 862.00, 837.00, 837.00, 842.00, 847.00, 847.00, 835.00, 837.00, 824.00, 831.00, 844.00, 848.00, 833.00, 825.00, 819.00, 817.00, 816.00, 824.00, 842.00, 859.00, 871.00, 872.00, 891.00, 918.00, 934.00, 975.00, 987.00,1023.00, 997.00, 992.00, 976.00, 981.00, 968.00, 966.00, 971.00,1009.00,1042.00,1066.00,1076.00,1071.00
Montana,30,1050649,1br,     NA,     NA,     NA,     NA,     NA,     NA,     NA,     NA,     NA,     NA,     NA,     NA, 733.00, 743.00, 742.00, 711.00, 676.00, 645.00, 647.00, 649.00, 648.00, 645.00, 649.00, 658.00, 660.00, 655.00, 645.00, 651.00, 657.00, 665.00, 646.00, 646.00, 649.00, 653.00, 654.00, 644.00, 646.00, 636.00, 641.00, 651.00, 654.00, 642.00, 637.00, 632.00, 631.00, 630.00, 636.00, 650.00, 662.00, 672.00, 673.00, 688.00, 709.00, 720.00, 753.00, 762.00, 789.00, 769.00, 766.00, 753.00, 757.00, 747.00, 745.00, 749.00, 779.00, 804.00, 822.00, 830.00, 826.00
Montana,30,1050649,2br,     NA,     NA,     NA,     NA,     NA,     NA,     NA,     NA,     NA,     NA,     NA,     NA, 970.00, 983.00, 982.00, 941.00, 895.00, 853.00, 856.00, 858.00, 858.00, 854.00, 858.00, 870.00, 873.00, 866.00, 854.00, 862.00, 869.00, 880.00, 855.00, 855.00, 859.00, 864.00, 865.00, 853.00, 854.00, 841.00, 848.00, 862.00, 866.00, 850.00, 843.00, 836.00, 834.00, 833.00, 841.00, 860.00, 877.00, 889.00, 891.00, 910.00, 938.00, 953.00, 996.00,1008.00,1044.00,1018.00,1013.00, 996.00,1001.00, 988.00, 986.00, 991.00,1030.00,1063.00,1088.00,1099.00,1093.00
Nebraska,31,1914571,_Overall, 791.00, 787.00, 790.00, 796.00, 807.00, 815.00, 819.00, 815.00, 807.00, 802.00, 803.00, 803.00, 804.00, 803.00, 804.00, 808.00, 814.00, 820.00, 825.00, 826.00, 829.00, 830.00, 831.00, 831.00, 833.00, 833.00, 835.00, 842.00, 851.00, 857.00, 856.00, 854.00, 851.00, 852.00, 852.00, 856.00, 860.00, 866.00, 869.00, 871.00, 870.00, 873.00, 876.00, 878.00, 877.00, 873.00, 872.00, 868.00, 869.00, 869.00, 876.00, 888.00, 907.00, 926.00, 944.00, 955.00, 959.00, 955.00, 951.00, 951.00, 955.00, 962.00, 971.00, 985.00,1005.00,1024.00,1036.00,1039.00,1038.00
Nebraska,31,1914571,1br, 664.00, 660.00, 663.00, 668.00, 677.00, 684.00, 688.00, 684.00, 677.00, 673.00, 674.00, 674.00, 674.00, 674.00, 675.00, 678.00, 683.00, 688.00, 692.00, 694.00, 696.00, 696.00, 697.00, 698.00, 699.00, 699.00, 701.00, 707.00, 714.00, 719.00, 718.00, 717.00, 714.00, 715.00, 715.00, 718.00, 722.00, 727.00, 729.00, 731.00, 730.00, 732.00, 735.00, 737.00, 736.00, 733.00, 732.00, 729.00, 730.00, 729.00, 735.00, 745.00, 761.00, 777.00, 792.00, 801.00, 805.00, 802.00, 798.00, 798.00, 802.00, 807.00, 815.00, 827.00, 843.00, 860.00, 869.00, 872.00, 871.00
Nebraska,31,1914571,2br, 796.00, 792.00, 796.00, 801.00, 813.00, 821.00, 825.00, 821.00, 813.00, 808.00, 809.00, 809.00, 810.00, 809.00, 810.00, 813.00, 820.00, 826.00, 831.00, 832.00, 835.00, 836.00, 837.00, 837.00, 839.00, 839.00, 841.00, 848.00, 857.00, 863.00, 862.00, 860.00, 857.00, 858.00, 858.00, 862.00, 866.00, 872.00, 875.00, 877.00, 876.00, 879.00, 882.00, 884.00, 884.00, 880.00, 878.00, 875.00, 876.00, 875.00, 883.00, 895.00, 913.00, 933.00, 951.00, 961.00, 966.00, 962.00, 958.00, 958.00, 962.00, 969.00, 978.00, 992.00,1012.00,1032.00,1043.00,1047.00,1046.00
Nevada,32,2972382,_Overall, 942.00, 937.00, 952.00, 964.00, 987.00, 993.00,1003.00,1007.00,1010.00,1014.00,1013.00,1016.00,1018.00,1024.00,1030.00,1040.00,1053.00,1065.00,1077.00,1083.00,1085.00,1086.00,1087.00,1091.00,1099.00,1103.00,1109.00,1112.00,1125.00,1137.00,1147.00,1149.00,1148.00,1146.00,1144.00,1145.00,1143.00,1146.00,1146.00,1136.00,1125.00,1124.00,1143.00,1163.00,1179.00,1192.00,1199.00,1204.00,1206.00,1214.00,1231.00,1257.00,1297.00,1345.00,1399.00,1452.00,1494.00,1515.00,1515.00,1501.00,1498.00,1494.00,1500.00,1506.00,1521.00,1532.00,1539.00,1533.00,1515.00
Nevada,32,2972382,1br, 731.00, 727.00, 739.00, 748.00, 766.00, 770.00, 778.00, 781.00, 784.00, 787.00, 786.00, 788.00, 790.00, 794.00, 800.00, 807.00, 817.00, 826.00, 836.00, 840.00, 842.00, 843.00, 844.00, 847.00, 853.00, 856.00, 860.00, 863.00, 873.00, 883.00, 890.00, 891.00, 891.00, 889.00, 888.00, 888.00, 887.00, 890.00, 889.00, 881.00, 873.00, 872.00, 887.00, 903.00, 915.00, 925.00, 931.00, 934.00, 936.00, 942.00, 956.00, 975.00,1006.00,1044.00,1086.00,1127.00,1159.00,1176.00,1175.00,1164.00,1162.00,1159.00,1164.00,1169.00,1180.00,1189.00,1194.00,1189.00,1175.00
Nevada,32,2972382,2br, 881.00, 877.00, 891.00, 902.00, 923.00, 929.00, 938.00, 942.00, 946.00, 949.00, 948.00, 950.00, 953.00, 958.00, 964.00, 974.00, 986.00, 996.00,1008.00,1014.00,1016.00,1017.00,1018.00,1021.00,1029.00,1032.00,1038.00,1040.00,1053.00,1064.00,1073.00,1075.00,1075.00,1072.00,1070.00,1071.00,1070.00,1073.00,1072.00,1063.00,1053.00,1052.00,1070.00,1089.00,1104.00,1115.00,1122.00,1127.00,1129.00,1136.00,1152.00,1176.00,1214.00,1259.00,1310.00,1359.00,1398.00,1418.00,1418.00,1404.00,1402.00,1398.00,1404.00,1410.00,1423.00,1434.00,1440.00,1434.00,1418.00
New Hampshire,33,1348124,_Overall,1075.00,1080.00,1088.00,1101.00,1120.00,1134.00,1140.00,1137.00,1130.00,1109.00,1098.00,1094.00,1104.00,1109.00,1118.00,1134.00,1156.00,1171.00,1182.00,1193.00,1197.00,1185.00,1174.00,1165.00,1174.00,1173.00,1179.00,1186.00,1201.00,1218.00,1233.00,1235.00,1230.00,1223.00,1212.00,1207.00,1202.00,1211.00,1224.00,1231.00,1236.00,1241.00,1252.00,1263.00,1268.00,1279.00,1288.00,1290.00,1293.00,1306.00,1332.00,1364.00,1402.00,1449.00,1507.00,1548.00,1578.00,1585.00,1588.00,1599.00,1586.00,1589.00,1543.00,1570.00,1594.00,1660.00,1673.00,1679.00,1678.00
New Hampshire,33,1348124,1br, 851.00, 854.00, 861.00, 871.00, 886.00, 897.00, 902.00, 899.00, 894.00, 877.00, 869.00, 865.00, 874.00, 877.00, 884.00, 897.00, 914.00, 926.00, 935.00, 944.00, 947.00, 937.00, 929.00, 922.00, 929.00, 928.00, 933.00, 938.00, 950.00, 963.00, 975.00, 977.00, 973.00, 968.00, 959.00, 955.00, 951.00, 958.00, 968.00, 974.00, 978.00, 982.00, 991.00, 999.00,1004.00,1012.00,1019.00,1021.00,1023.00,1033.00,1054.00,1079.00,1109.00,1146.00,1192.00,1225.00,1248.00,1254.00,1256.00,1265.00,1255.00,1257.00,1220.00,1242.00,1261.00,1314.00,1324.00,1329.00,1327.00
New Hampshire,33,1348124,2br,1151.00,1156.00,1164.00,1178.00,1199.00,1214.00,1220.00,1216.00,1210.00,1187.00,1176.00,1170.00,1182.00,1186.00,1196.00,1214.00,1237.00,1253.00,1265.00,1276.00,1281.00,1268.00,1257.00,1247.00,1257.00,1255.00,1262.00,1269.00,1285.00,1303.00,1319.00,1322.00,1316.00,1309.00,1298.00,1292.00,1287.00,1296.00,1310.00,1318.00,1323.00,1328.00,1340.00,1352.00,1357.00,1369.00,1379.00,1381.00,1384.00,1398.00,1426.00,1460.00,1500.00,1550.00,1613.00,1657.00,1688.00,1697.00,1699.00,1711.00,1697.00,1700.00,1651.00,1680.00,1706.00,1777.00,1791.00,1797.00,1796.00
New Jersey,34,8878503,_Overall,1375.00,1378.00,1380.00,1391.00,1406.00,1422.00,1433.00,1432.00,1429.00,1410.00,1388.00,1373.00,1375.00,1390.00,1412.00,1430.00,1446.00,1451.00,1462.00,1461.00,1457.00,1448.00,1441.00,1443.00,1439.00,1440.00,1440.00,1454.00,1469.00,1480.00,1482.00,1477.00,1476.00,1475.00,1467.00,1461.00,1459.00,1463.00,1468.00,1463.00,1459.00,1450.00,1448.00,1444.00,1441.00,1430.00,1419.00,1409.00,1413.00,1428.00,1452.00,1476.00,1499.00,1525.00,1558.00,1593.00,1620.00,1636.00,1647.00,1656.00,1663.00,1670.00,1687.00,1712.00,1752.00,1793.00,1825.00,1837.00,1832.00
New Jersey,34,8878503,1br,1166.00,1168.00,1170.00,1179.00,1192.00,1206.00,1215.00,1214.00,1212.00,1196.00,1177.00,1164.00,1166.00,1179.00,1197.00,1212.00,1226.00,1231.00,1239.00,1238.00,1235.00,1227.00,1222.00,1223.00,1220.00,1221.00,1221.00,1233.00,1245.00,1255.00,1256.00,1253.00,1252.00,1251.00,1244.00,1239.00,1237.00,1241.00,1245.00,1240.00,1237.00,1229.00,1228.00,1225.00,1221.00,1212.00,1203.00,1195.00,1198.00,1211.00,1231.00,1252.00,1271.00,1293.00,1321.00,1351.00,1374.00,1387.00,1396.00,1404.00,1410.00,1416.00,1431.00,1451.00,1486.00,1520.00,1547.00,1557.00,1553.00
New Jersey,34,8878503,2br,1451.00,1454.00,1457.00,1468.00,1484.00,1501.00,1512.00,1511.00,1508.00,1489.00,1465.00,1449.00,1451.00,1467.00,1491.00,1509.00,1526.00,1532.00,1543.00,1542.00,1537.00,1528.00,1521.00,1523.00,1518.00,1520.00,1520.00,1535.00,1551.00,1563.00,1564.00,1559.00,1558.00,1557.00,1548.00,1542.00,1540.00,1544.00,1550.00,1544.00,1540.00,1530.00,1528.00,1525.00,1520.00,1509.00,1498.00,1488.00,1492.00,1507.00,1533.00,1558.00,1582.00,1610.00,1645.00,1681.00,1710.00,1727.00,1738.00,1747.00,1756.00,1763.00,1781.00,1807.00,1849.00,1893.00,1926.00,1939.00,1934.00
New Mexico,35,2092454,_Overall, 799.00, 799.00, 800.00, 806.00, 812.00, 817.00, 817.00, 817.00, 817.00, 816.00, 818.00, 819.00, 821.00, 821.00, 820.00, 816.00, 817.00, 823.00, 832.00, 837.00, 839.00, 841.00, 846.00, 843.00, 840.00, 837.00, 840.00, 850.00, 865.00, 882.00, 891.00, 894.00, 900.00, 905.00, 907.00, 900.00, 896.00, 897.00, 903.00, 901.00, 900.00, 903.00, 917.00, 931.00, 946.00, 954.00, 961.00, 960.00, 963.00, 962.00, 976.00, 993.00,1024.00,1054.00,1090.00,1129.00,1159.00,1170.00,1162.00,1151.00,1148.00,1151.00,1161.00,1175.00,1197.00,1218.00,1239.00,1252.00,1258.00
New Mexico,35,2092454,1br, 643.00, 643.00, 645.00, 649.00, 654.00, 658.00, 658.00, 658.00, 658.00, 658.00, 659.00, 660.00, 662.00, 661.00, 660.00, 658.00, 658.00, 663.00, 670.00, 674.00, 676.00, 678.00, 682.00, 679.00, 677.00, 674.00, 677.00, 685.00, 697.00, 711.00, 718.00, 721.00, 725.00, 729.00, 731.00, 725.00, 722.00, 723.00, 728.00, 726.00, 725.00, 727.00, 739.00, 750.00, 762.00, 769.00, 775.00, 773.00, 776.00, 775.00, 786.00, 800.00, 825.00, 849.00, 878.00, 909.00, 933.00, 943.00, 936.00, 928.00, 925.00, 928.00, 936.00, 946.00, 965.00, 982.00, 998.00,1009.00,1014.00
New Mexico,35,2092454,2br, 767.00, 767.00, 769.00, 774.00, 780.00, 785.00, 785.00, 785.00, 785.00, 784.00, 786.00, 787.00, 789.00, 789.00, 788.00, 784.00, 785.00, 791.00, 799.00, 804.00, 806.00, 809.00, 813.00, 810.00, 808.00, 804.00, 807.00, 816.00, 831.00, 847.00, 856.00, 859.00, 865.00, 869.00, 872.00, 865.00, 861.00, 862.00, 868.00, 866.00, 865.00, 868.00, 881.00, 895.00, 909.00, 917.00, 924.00, 922.00, 926.00, 924.00, 938.00, 954.00, 984.00,1012.00,1047.00,1085.00,1113.00,1124.00,1116.00,1106.00,1104.00,1106.00,1116.00,1129.00,1150.00,1171.00,1190.00,1203.00,1209.00
New York,36,19572319,_Overall,1357.00,1357.00,1361.00,1363.00,1379.00,1391.00,1401.00,1402.00,1390.00,1386.00,1381.00,1377.00,1370.00,1362.00,1373.00,1387.00,1412.00,1431.00,1451.00,1459.00,1453.00,1440.00,1426.00,1422.00,1418.00,1420.00,1422.00,1432.00,1449.00,1473.00,1493.00,1492.00,1475.00,1451.00,1440.00,1437.00,1441.00,1446.00,1453.00,1449.00,1439.00,1427.00,1418.00,1404.00,1380.00,1362.00,1349.00,1340.00,1339.00,1349.00,1376.00,1409.00,1453.00,1504.00,1556.00,1599.00,1632.00,1643.00,1645.00,1634.00,1638.00,1648.00,1675.00,1703.00,1742.00,1777.00,1797.00,1797.00,1781.00
New York,36,19572319,1br,1301.00,1301.00,1304.00,1307.00,1322.00,1334.00,1343.00,1344.00,1333.00,1329.00,1324.00,1320.00,1314.00,1306.00,1316.00,1330.00,1354.00,1372.00,1391.00,1398.00,1393.00,1381.00,1367.00,1363.00,1360.00,1361.00,1363.00,1373.00,1389.00,1412.00,1431.00,1430.00,1414.00,1391.00,1380.00,1377.00,1381.00,1386.00,1392.00,1389.00,1380.00,1368.00,1359.00,1346.00,1323.00,1306.00,1293.00,1285.00,1284.00,1293.00,1319.00,1351.00,1392.00,1441.00,1492.00,1533.00,1564.00,1575.00,1577.00,1566.00,1570.00,1580.00,1605.00,1632.00,1670.00,1704.00,1722.00,1722.00,1708.00
New York,36,19572319,2br,1360.00,1361.00,1364.00,1366.00,1382.00,1395.00,1404.00,1405.00,1394.00,1389.00,1384.00,1380.00,1374.00,1366.00,1376.00,1390.00,1416.00,1434.00,1454.00,1462.00,1457.00,1444.00,1430.00,1426.00,1422.00,1423.00,1426.00,1435.00,1452.00,1476.00,1496.00,1495.00,1478.00,1455.00,1443.00,1440.00,1444.00,1449.00,1456.00,1453.00,1443.00,1431.00,1421.00,1407.00,1383.00,1365.00,1352.00,1343.00,1342.00,1352.00,1379.00,1412.00,1456.00,1507.00,1560.00,1603.00,1636.00,1646.00,1649.00,1637.00,1642.00,1652.00,1679.00,1707.00,1746.00,1782.00,1801.00,1801.00,1786.00
North Carolina,37,10264876,_Overall, 895.00, 893.00, 901.00, 908.00, 920.00, 923.00, 928.00, 925.00, 922.00, 923.00, 921.00, 916.00, 909.00, 908.00, 915.00, 927.00, 940.00, 949.00, 955.00, 955.00, 953.00, 948.00, 946.00, 945.00, 947.00, 950.00, 955.00, 964.00, 973.00, 983.00, 990.00, 990.00, 987.00, 980.00, 977.00, 973.00, 974.00, 976.00, 981.00, 976.00, 972.00, 969.00, 976.00, 980.00, 981.00, 980.00, 982.00, 983.00, 989.00, 996.00,1009.00,1027.00,1051.00,1080.00,1111.00,1146.00,1176.00,1190.00,1188.00,1182.00,1186.00,1194.00,1208.00,1226.00,1249.00,1277.00,1299.00,1306.00,1300.00
North Carolina,37,10264876,1br, 786.00, 783.00, 791.00, 797.00, 808.00, 810.00, 814.00, 812.00, 810.00, 810.00, 808.00, 804.00, 797.00, 797.00, 803.00, 813.00, 825.00, 833.00, 838.00, 838.00, 836.00, 832.00, 831.00, 830.00, 831.00, 833.00, 838.00, 846.00, 854.00, 863.00, 869.00, 869.00, 866.00, 860.00, 857.00, 854.00, 855.00, 856.00, 861.00, 857.00, 853.00, 850.00, 856.00, 860.00, 861.00, 860.00, 862.00, 863.00, 868.00, 874.00, 886.00, 901.00, 923.00, 948.00, 975.00,1006.00,1032.00,1044.00,1042.00,1037.00,1041.00,1048.00,1060.00,1076.00,1097.00,1121.00,1140.00,1146.00,1141.00
North Carolina,37,10264876,2br, 841.00, 839.00, 846.00, 853.00, 865.00, 867.00, 871.00, 869.00, 866.00, 867.00, 865.00, 861.00, 853.00, 853.00, 860.00, 871.00, 883.00, 892.00, 897.00, 897.00, 895.00, 891.00, 889.00, 888.00, 889.00, 892.00, 897.00, 906.00, 914.00, 923.00, 930.00, 930.00, 927.00, 920.00, 917.00, 914.00, 915.00, 917.00, 922.00, 917.00, 913.00, 910.00, 917.00, 920.00, 921.00, 921.00, 922.00, 924.00, 929.00, 935.00, 948.00, 964.00, 988.00,1014.00,1044.00,1077.00,1105.00,1118.00,1116.00,1110.00,1114.00,1122.00,1135.00,1151.00,1174.00,1200.00,1221.00,1227.00,1221.00
North Dakota,38,756717,_Overall, 787.00, 784.00, 785.00, 791.00, 795.00, 797.00, 799.00, 800.00, 805.00, 804.00, 802.00, 805.00, 804.00, 806.00, 800.00, 809.00, 822.00, 838.00, 850.00, 853.00, 853.00, 849.00, 855.00, 860.00, 861.00, 841.00, 827.00, 828.00, 852.00, 870.00, 870.00, 872.00, 872.00, 888.00, 870.00, 851.00, 833.00, 841.00, 843.00, 837.00, 822.00, 813.00, 801.00, 789.00, 778.00, 772.00, 769.00, 767.00, 763.00, 765.00, 770.00, 782.00, 785.00, 783.00, 778.00, 777.00, 776.00, 775.00, 780.00, 791.00, 802.00, 805.00, 804.00, 808.00, 818.00, 831.00, 838.00, 844.00, 847.00
North Dakota,38,756717,1br, 647.00, 645.00, 646.00, 650.00, 653.00, 655.00, 657.00, 658.00, 661.00, 661.00, 659.00, 662.00, 661.00, 663.00, 658.00, 665.00, 676.00, 689.00, 699.00, 701.00, 701.00, 698.00, 702.00, 707.00, 707.00, 692.00, 680.00, 680.00, 701.00, 715.00, 715.00, 717.00, 717.00, 730.00, 715.00, 700.00, 685.00, 691.00, 693.00, 688.00, 676.00, 668.00, 658.00, 648.00, 640.00, 635.00, 632.00, 631.00, 627.00, 629.00, 633.00, 643.00, 645.00, 644.00, 640.00, 639.00, 638.00, 637.00, 641.00, 650.00, 659.00, 661.00, 661.00, 664.00, 672.00, 683.00, 689.00, 694.00, 696.00
North Dakota,38,756717,2br, 791.00, 788.00, 789.00, 794.00, 799.00, 801.00, 803.00, 804.00, 808.00, 808.00, 806.00, 809.00, 808.00, 810.00, 804.00, 813.00, 826.00, 842.00, 854.00, 857.00, 857.00, 853.00, 859.00, 864.00, 865.00, 846.00, 831.00, 832.00, 856.00, 874.00, 874.00, 877.00, 877.00, 893.00, 874.00, 855.00, 837.00, 845.00, 847.00, 841.00, 826.00, 817.00, 804.00, 792.00, 782.00, 776.00, 772.00, 771.00, 767.00, 768.00, 773.00, 786.00, 789.00, 787.00, 782.00, 781.00, 780.00, 778.00, 784.00, 795.00, 806.00, 808.00, 807.00, 812.00, 822.00, 835.00, 842.00, 848.00, 851.00
Ohio,39,11655397,_Overall, 767.00, 771.00, 776.00, 788.00, 798.00, 809.00, 814.00, 812.00, 808.00, 803.00, 794.00, 785.00, 784.00, 785.00, 796.00, 808.00, 822.00, 829.00, 832.00, 831.00, 828.00, 826.00, 827.00, 827.00, 827.00, 828.00, 834.00, 840.00, 847.00, 854.00, 858.00, 858.00, 853.00, 846.00, 840.00, 838.00, 840.00, 844.00, 849.00, 851.00, 854.00, 859.00, 866.00, 869.00, 874.00, 875.00, 878.00, 874.00, 874.00, 875.00, 885.00, 897.00, 915.00, 934.00, 953.00, 971.00, 984.00, 990.00, 989.00, 984.00, 982.00, 986.00, 996.00,1011.00,1031.00,1053.00,1069.00,1075.00,1070.00
Ohio,39,11655397,1br, 601.00, 605.00, 609.00, 618.00, 626.00, 635.00, 638.00, 637.00, 634.00, 630.00, 623.00, 616.00, 615.00, 616.00, 624.00, 634.00, 645.00, 650.00, 653.00, 652.00, 650.00, 648.00, 649.00, 649.00, 649.00, 650.00, 655.00, 659.00, 665.00, 670.00, 673.00, 673.00, 669.00, 664.00, 659.00, 658.00, 659.00, 662.00, 666.00, 668.00, 670.00, 674.00, 680.00, 682.00, 686.00, 687.00, 689.00, 685.00, 686.00, 687.00, 694.00, 704.00, 718.00, 733.00, 748.00, 762.00, 772.00, 777.00, 776.00, 772.00, 771.00, 774.00, 782.00, 793.00, 809.00, 826.00, 839.00, 843.00, 840.00
Ohio,39,11655397,2br, 776.00, 781.00, 785.00, 797.00, 808.00, 819.00, 824.00, 822.00, 818.00, 813.00, 804.00, 795.00, 793.00, 795.00, 806.00, 818.00, 833.00, 839.00, 842.00, 841.00, 839.00, 837.00, 838.00, 838.00, 838.00, 838.00, 845.00, 850.00, 858.00, 864.00, 868.00, 868.00, 863.00, 856.00, 851.00, 849.00, 851.00, 854.00, 859.00, 861.00, 865.00, 870.00, 877.00, 880.00, 885.00, 886.00, 889.00, 884.00, 885.00, 886.00, 896.00, 908.00, 926.00, 945.00, 964.00, 983.00, 996.00,1002.00,1001.00, 996.00, 995.00, 998.00,1008.00,1023.00,1044.00,1066.00,1082.00,1088.00,1083.00
Oklahoma,40,3932870,_Overall, 793.00, 795.00, 792.00, 797.00, 798.00, 800.00, 800.00, 800.00, 797.00, 795.00, 788.00, 793.00, 794.00, 797.00, 796.00, 796.00, 803.00, 806.00, 811.00, 810.00, 809.00, 804.00, 800.00, 798.00, 796.00, 800.00, 812.00, 826.00, 837.00, 839.00, 838.00, 835.00, 835.00, 833.00, 833.00, 831.00, 831.00, 834.00, 840.00, 846.00, 850.00, 851.00, 857.00, 863.00, 870.00, 873.00, 873.00, 871.00, 873.00, 875.00, 881.00, 891.00, 908.00, 931.00, 954.00, 976.00, 990.00, 989.00, 986.00, 981.00, 985.00, 989.00,1003.00,1021.00,1042.00,1060.00,1071.00,1077.00,1074.00
Oklahoma,40,3932870,1br, 633.00, 635.00, 633.00, 636.00, 637.00, 639.00, 639.00, 639.00, 636.00, 635.00, 629.00, 633.00, 635.00, 637.00, 636.00, 636.00, 641.00, 644.00, 648.00, 647.00, 646.00, 642.00, 639.00, 637.00, 636.00, 639.00, 649.00, 660.00, 669.00, 670.00, 669.00, 667.00, 667.00, 666.00, 665.00, 664.00, 664.00, 666.00, 671.00, 676.00, 679.00, 680.00, 685.00, 690.00, 695.00, 698.00, 698.00, 696.00, 697.00, 699.00, 704.00, 711.00, 725.00, 743.00, 762.00, 780.00, 791.00, 790.00, 788.00, 784.00, 787.00, 790.00, 801.00, 815.00, 833.00, 846.00, 856.00, 860.00, 858.00
Oklahoma,40,3932870,2br, 779.00, 781.00, 778.00, 783.00, 784.00, 786.00, 786.00, 786.00, 783.00, 781.00, 774.00, 779.00, 781.00, 783.00, 782.00, 783.00, 789.00, 792.00, 797.00, 796.00, 795.00, 790.00, 786.00, 784.00, 782.00, 787.00, 798.00, 812.00, 823.00, 824.00, 823.00, 821.00, 821.00, 819.00, 819.00, 817.00, 817.00, 819.00, 826.00, 832.00, 835.00, 836.00, 842.00, 848.00, 855.00, 858.00, 858.00, 856.00, 858.00, 860.00, 866.00, 875.00, 892.00, 914.00, 938.00, 959.00, 973.00, 972.00, 969.00, 964.00, 968.00, 972.00, 986.00,1003.00,1024.00,1041.00,1053.00,1058.00,1055.00
Oregon,41,4129803,_Overall,1151.00,1150.00,1142.00,1140.00,1169.00,1190.00,1205.00,1192.00,1187.00,1164.00,1151.00,1141.00,1143.00,1144.00,1151.00,1165.00,1187.00,1200.00,1207.00,1198.00,1188.00,1178.00,1166.00,1159.00,1163.00,1171.00,1182.00,1188.00,1197.00,1209.00,1222.00,1231.00,1229.00,1223.00,1209.00,1206.00,1203.00,1211.00,1213.00,1205.00,1193.00,1186.00,1190.00,1196.00,1195.00,1190.00,1182.00,1176.00,1179.00,1191.00,1206.00,1225.00,1248.00,1276.00,1305.00,1332.00,1356.00,1360.00,1351.00,1337.00,1333.00,1337.00,1349.00,1363.00,1388.00,1417.00,1444.00,1452.00,1448.00
Oregon,41,4129803,1br, 958.00, 957.00, 950.00, 949.00, 973.00, 991.00,1003.00, 992.00, 988.00, 969.00, 959.00, 950.00, 951.00, 952.00, 958.00, 970.00, 988.00, 999.00,1005.00, 998.00, 989.00, 981.00, 970.00, 965.00, 968.00, 975.00, 984.00, 989.00, 997.00,1007.00,1017.00,1025.00,1023.00,1018.00,1006.00,1004.00,1001.00,1008.00,1010.00,1003.00, 993.00, 987.00, 991.00, 996.00, 995.00, 991.00, 984.00, 979.00, 981.00, 991.00,1004.00,1019.00,1039.00,1062.00,1087.00,1109.00,1129.00,1132.00,1125.00,1113.00,1110.00,1113.00,1123.00,1135.00,1156.00,1180.00,1202.00,1209.00,1206.00
Oregon,41,4129803,2br,1118.00,1117.00,1109.00,1107.00,1136.00,1156.00,1171.00,1158.00,1153.00,1130.00,1118.00,1108.00,1110.00,1111.00,1118.00,1132.00,1153.00,1166.00,1172.00,1164.00,1154.00,1144.00,1132.00,1126.00,1129.00,1138.00,1148.00,1154.00,1163.00,1174.00,1187.00,1195.00,1193.00,1188.00,1174.00,1171.00,1168.00,1176.00,1178.00,1170.00,1158.00,1151.00,1156.00,1162.00,1161.00,1156.00,1148.00,1142.00,1145.00,1156.00,1172.00,1189.00,1212.00,1239.00,1268.00,1294.00,1317.00,1321.00,1312.00,1298.00,1295.00,1299.00,1311.00,1324.00,1348.00,1376.00,1402.00,1410.00,1407.00
Pennsylvania,42,12791530,_Overall, 920.00, 924.00, 930.00, 941.00, 962.00, 974.00, 979.00, 973.00, 961.00, 949.00, 938.00, 938.00, 937.00, 938.00, 941.00, 953.00, 970.00, 984.00, 994.00, 999.00, 995.00, 988.00, 979.00, 974.00, 972.00, 973.00, 983.00, 995.00,1009.00,1018.00,1023.00,1020.00,1014.00,1008.00,1003.00,1000.00, 994.00, 993.00, 998.00,1000.00,1000.00, 999.00,1005.00,1009.00,1009.00,1005.00, 998.00, 994.00, 996.00,1003.00,1016.00,1030.00,1053.00,1077.00,1103.00,1121.00,1137.00,1141.00,1141.00,1136.00,1136.00,1137.00,1145.00,1154.00,1173.00,1194.00,1208.00,1211.00,1202.00
Pennsylvania,42,12791530,1br, 773.00, 776.00, 781.00, 791.00, 808.00, 818.00, 822.00, 817.00, 807.00, 797.00, 788.00, 788.00, 787.00, 788.00, 791.00, 801.00, 815.00, 826.00, 835.00, 839.00, 836.00, 830.00, 823.00, 818.00, 816.00, 818.00, 826.00, 836.00, 848.00, 855.00, 859.00, 857.00, 852.00, 846.00, 843.00, 840.00, 835.00, 835.00, 838.00, 840.00, 840.00, 839.00, 844.00, 848.00, 847.00, 844.00, 838.00, 835.00, 836.00, 842.00, 853.00, 865.00, 885.00, 905.00, 926.00, 942.00, 955.00, 958.00, 959.00, 954.00, 955.00, 955.00, 962.00, 970.00, 985.00,1003.00,1015.00,1018.00,1010.00
Pennsylvania,42,12791530,2br, 946.00, 950.00, 956.00, 968.00, 989.00,1002.00,1007.00,1001.00, 989.00, 976.00, 965.00, 964.00, 964.00, 965.00, 968.00, 980.00, 998.00,1012.00,1023.00,1028.00,1024.00,1017.00,1007.00,1002.00,1000.00,1001.00,1012.00,1024.00,1038.00,1047.00,1052.00,1050.00,1043.00,1037.00,1032.00,1029.00,1023.00,1022.00,1026.00,1029.00,1029.00,1027.00,1034.00,1038.00,1038.00,1034.00,1027.00,1022.00,1024.00,1032.00,1045.00,1060.00,1084.00,1108.00,1134.00,1153.00,1170.00,1173.00,1174.00,1168.00,1169.00,1170.00,1178.00,1188.00,1207.00,1228.00,1242.00,1246.00,1236.00
Rhode Island,44,1057231,_Overall,1006.00, 999.00,1001.00,1038.00,1074.00,1093.00,1103.00,1115.00,1116.00,1109.00,1084.00,1062.00,1040.00,1043.00,1066.00,1103.00,1136.00,1147.00,1158.00,1171.00,1174.00,1161.00,1137.00,1128.00,1117.00,1107.00,1113.00,1119.00,1142.00,1151.00,1162.00,1169.00,1174.00,1160.00,1150.00,1133.00,1146.00,1138.00,1154.00,1151.00,1159.00,1150.00,1155.00,1156.00,1166.00,1182.00,1186.00,1178.00,1162.00,1165.00,1192.00,1219.00,1262.00,1293.00,1365.00,1415.00,1467.00,1473.00,1462.00,1438.00,1404.00,1398.00,1391.00,1421.00,1469.00,1517.00,1548.00,1550.00,1536.00
Rhode Island,44,1057231,1br, 791.00, 785.00, 786.00, 816.00, 844.00, 859.00, 867.00, 877.00, 877.00, 871.00, 852.00, 835.00, 817.00, 820.00, 838.00, 867.00, 893.00, 901.00, 910.00, 920.00, 922.00, 912.00, 894.00, 886.00, 878.00, 870.00, 874.00, 879.00, 898.00, 905.00, 913.00, 918.00, 922.00, 911.00, 904.00, 890.00, 901.00, 894.00, 907.00, 904.00, 911.00, 904.00, 907.00, 909.00, 916.00, 929.00, 932.00, 926.00, 913.00, 915.00, 936.00, 958.00, 992.00,1016.00,1073.00,1112.00,1153.00,1157.00,1149.00,1130.00,1103.00,1098.00,1093.00,1117.00,1155.00,1192.00,1217.00,1218.00,1207.00
Rhode Island,44,1057231,2br,1062.00,1054.00,1057.00,1096.00,1133.00,1154.00,1164.00,1178.00,1179.00,1171.00,1145.00,1122.00,1098.00,1101.00,1126.00,1164.00,1200.00,1211.00,1223.00,1236.00,1239.00,1226.00,1201.00,1190.00,1179.00,1169.00,1175.00,1181.00,1206.00,1215.00,1227.00,1234.00,1239.00,1224.00,1214.00,1196.00,1210.00,1201.00,1218.00,1215.00,1223.00,1214.00,1219.00,1221.00,1231.00,1248.00,1252.00,1244.00,1227.00,1230.00,1258.00,1287.00,1333.00,1365.00,1441.00,1494.00,1549.00,1555.00,1543.00,1518.00,1482.00,1476.00,1469.00,1501.00,1551.00,1602.00,1635.00,1637.00,1621.00
South Carolina,45,5020806,_Overall, 919.00, 925.00, 934.00, 931.00, 938.00, 942.00, 951.00, 952.00, 943.00, 938.00, 932.00, 934.00, 931.00, 930.00, 932.00, 938.00, 948.00, 958.00, 964.00, 971.00, 972.00, 969.00, 961.00, 959.00, 956.00, 959.00, 965.00, 976.00, 987.00, 995.00, 999.00,1003.00,1002.00, 998.00, 990.00, 988.00, 987.00, 995.00, 994.00, 993.00, 985.00, 983.00, 989.00, 996.00,1001.00, 999.00, 997.00, 998.00,1005.00,1011.00,1022.00,1036.00,1062.00,1092.00,1125.00,1158.00,1184.00,1200.00,1199.00,1192.00,1188.00,1194.00,1209.00,1231.00,1257.00,1281.00,1301.00,1311.00,1312.00
South Carolina,45,5020806,1br, 783.00, 788.00, 796.00, 794.00, 800.00, 803.00, 811.00, 812.00, 803.00, 799.00, 794.00, 796.00, 794.00, 793.00, 794.00, 800.00, 808.00, 816.00, 822.00, 827.00, 828.00, 826.00, 819.00, 817.00, 815.00, 817.00, 823.00, 832.00, 841.00, 848.00, 851.00, 855.00, 854.00, 851.00, 844.00, 842.00, 842.00, 848.00, 847.00, 847.00, 839.00, 838.00, 843.00, 849.00, 853.00, 851.00, 850.00, 851.00, 857.00, 862.00, 871.00, 883.00, 905.00, 931.00, 959.00, 987.00,1009.00,1022.00,1022.00,1016.00,1012.00,1018.00,1031.00,1049.00,1072.00,1092.00,1109.00,1117.00,1118.00
South Carolina,45,5020806,2br, 878.00, 883.00, 892.00, 890.00, 896.00, 900.00, 909.00, 910.00, 900.00, 896.00, 890.00, 892.00, 889.00, 888.00, 890.00, 896.00, 905.00, 915.00, 921.00, 927.00, 928.00, 926.00, 918.00, 916.00, 913.00, 916.00, 922.00, 932.00, 943.00, 950.00, 954.00, 958.00, 958.00, 954.00, 946.00, 944.00, 943.00, 950.00, 950.00, 949.00, 941.00, 939.00, 945.00, 952.00, 956.00, 954.00, 953.00, 953.00, 960.00, 966.00, 976.00, 990.00,1014.00,1043.00,1075.00,1106.00,1131.00,1146.00,1145.00,1138.00,1135.00,1141.00,1155.00,1176.00,1201.00,1224.00,1243.00,1252.00,1253.00
South Dakota,46,870638,_Overall, 783.00, 790.00, 785.00, 783.00, 780.00, 784.00, 790.00, 790.00, 792.00, 787.00, 781.00, 769.00, 763.00, 763.00, 773.00, 778.00, 785.00, 784.00, 788.00, 786.00, 787.00, 787.00, 789.00, 786.00, 786.00, 782.00, 783.00, 786.00, 792.00, 797.00, 794.00, 796.00, 797.00, 799.00, 797.00, 796.00, 794.00, 794.00, 791.00, 790.00, 790.00, 792.00, 798.00, 802.00, 805.00, 805.00, 805.00, 807.00, 811.00, 815.00, 819.00, 827.00, 837.00, 846.00, 858.00, 870.00, 883.00, 896.00, 911.00, 925.00, 932.00, 934.00, 940.00, 952.00, 969.00, 986.00, 997.00,1008.00, 999.00
South Dakota,46,870638,1br, 607.00, 612.00, 608.00, 607.00, 605.00, 608.00, 612.00, 612.00, 614.00, 610.00, 605.00, 596.00, 591.00, 591.00, 599.00, 603.00, 608.00, 607.00, 611.00, 610.00, 610.00, 610.00, 612.00, 609.00, 609.00, 606.00, 607.00, 609.00, 614.00, 617.00, 616.00, 617.00, 618.00, 620.00, 618.00, 617.00, 616.00, 615.00, 613.00, 612.00, 612.00, 614.00, 619.00, 622.00, 624.00, 624.00, 624.00, 625.00, 628.00, 632.00, 635.00, 641.00, 649.00, 656.00, 665.00, 674.00, 685.00, 695.00, 706.00, 717.00, 722.00, 724.00, 729.00, 738.00, 751.00, 764.00, 773.00, 782.00, 774.00
South Dakota,46,870638,2br, 814.00, 821.00, 816.00, 814.00, 812.00, 815.00, 821.00, 822.00, 824.00, 818.00, 812.00, 799.00, 794.00, 793.00, 804.00, 809.00, 816.00, 815.00, 820.00, 818.00, 819.00, 819.00, 821.00, 818.00, 817.00, 814.00, 814.00, 818.00, 823.00, 829.00, 826.00, 828.00, 829.00, 832.00, 829.00, 827.00, 826.00, 826.00, 823.00, 822.00, 821.00, 824.00, 830.00, 834.00, 838.00, 837.00, 838.00, 839.00, 843.00, 848.00, 852.00, 860.00, 871.00, 880.00, 892.00, 905.00, 919.00, 932.00, 948.00, 962.00, 969.00, 971.00, 978.00, 990.00,1008.00,1026.00,1038.00,1049.00,1039.00
Tennessee,47,6709356,_Overall, 856.00, 859.00, 864.00, 871.00, 882.00, 888.00, 891.00, 885.00, 880.00, 873.00, 863.00, 859.00, 859.00, 862.00, 867.00, 876.00, 889.00, 900.00, 908.00, 911.00, 910.00, 905.00, 896.00, 891.00, 888.00, 889.00, 894.00, 901.00, 911.00, 920.00, 927.00, 930.00, 925.00, 919.00, 912.00, 908.00, 909.00, 914.00, 922.00, 921.00, 917.00, 913.00, 919.00, 926.00, 928.00, 927.00, 924.00, 922.00, 924.00, 930.00, 941.00, 957.00, 980.00,1010.00,1043.00,1074.00,1099.00,1110.00,1116.00,1114.00,1117.00,1127.00,1142.00,1161.00,1179.00,1198.00,1215.00,1219.00,1212.00
Tennessee,47,6709356,1br, 707.00, 708.00, 713.00, 719.00, 728.00, 733.00, 735.00, 730.00, 726.00, 720.00, 712.00, 709.00, 709.00, 711.00, 715.00, 722.00, 733.00, 742.00, 749.00, 751.00, 751.00, 747.00, 740.00, 735.00, 732.00, 734.00, 738.00, 744.00, 751.00, 759.00, 765.00, 767.00, 763.00, 758.00, 752.00, 749.00, 750.00, 754.00, 761.00, 760.00, 757.00, 754.00, 759.00, 764.00, 766.00, 765.00, 762.00, 761.00, 762.00, 768.00, 777.00, 790.00, 808.00, 833.00, 861.00, 886.00, 907.00, 916.00, 921.00, 919.00, 922.00, 930.00, 943.00, 958.00, 972.00, 988.00,1002.00,1006.00,1000.00
Tennessee,47,6709356,2br, 821.00, 823.00, 828.00, 835.00, 845.00, 851.00, 854.00, 849.00, 844.00, 837.00, 828.00, 823.00, 824.00, 826.00, 831.00, 839.00, 852.00, 863.00, 870.00, 873.00, 873.00, 867.00, 859.00, 854.00, 851.00, 852.00, 857.00, 864.00, 873.00, 882.00, 888.00, 891.00, 886.00, 881.00, 874.00, 870.00, 871.00, 876.00, 884.00, 882.00, 879.00, 875.00, 881.00, 888.00, 889.00, 889.00, 885.00, 884.00, 886.00, 892.00, 902.00, 917.00, 939.00, 968.00,1000.00,1029.00,1053.00,1064.00,1070.00,1068.00,1071.00,1080.00,1095.00,1113.00,1130.00,1148.00,1165.00,1168.00,1162.00
Texas,48,28260856,_Overall,1039.00,1036.00,1035.00,1041.00,1050.00,1055.00,1057.00,1055.00,1056.00,1057.00,1057.00,1054.00,1051.00,1051.00,1054.00,1059.00,1066.00,1073.00,1079.00,1083.00,1082.00,1080.00,1075.00,1071.00,1067.00,1070.00,1076.00,1082.00,1088.00,1095.00,1100.00,1102.00,1100.00,1095.00,1090.00,1087.00,1087.00,1089.00,1091.00,1087.00,1080.00,1073.00,1073.00,1075.00,1074.00,1071.00,1067.00,1066.00,1070.00,1077.00,1089.00,1103.00,1125.00,1150.00,1178.00,1205.00,1224.00,1234.00,1236.00,1237.00,1243.00,1253.00,1265.00,1279.00,1294.00,1311.00,1323.00,1328.00,1326.00
Texas,48,28260856,1br, 902.00, 899.00, 899.00, 903.00, 911.00, 916.00, 917.00, 915.00, 916.00, 918.00, 918.00, 915.00, 913.00, 912.00, 915.00, 919.00, 925.00, 931.00, 937.00, 940.00, 939.00, 938.00, 933.00, 930.00, 926.00, 929.00, 934.00, 939.00, 944.00, 950.00, 954.00, 957.00, 954.00, 951.00, 946.00, 943.00, 943.00, 945.00, 947.00, 943.00, 937.00, 932.00, 932.00, 933.00, 932.00, 930.00, 926.00, 925.00, 929.00, 934.00, 945.00, 958.00, 976.00, 998.00,1022.00,1046.00,1063.00,1071.00,1073.00,1074.00,1079.00,1088.00,1098.00,1110.00,1123.00,1138.00,1149.00,1152.00,1151.00
Texas,48,28260856,2br,1023.00,1020.00,1020.00,1025.00,1034.00,1039.00,1041.00,1038.00,1040.00,1041.00,1041.00,1038.00,1035.00,1034.00,1038.00,1043.00,1050.00,1057.00,1063.00,1067.00,1065.00,1064.00,1058.00,1055.00,1051.00,1054.00,1059.00,1065.00,1071.00,1078.00,1083.00,1085.00,1083.00,1078.00,1073.00,1070.00,1070.00,1072.00,1075.00,1070.00,1064.00,1057.00,1057.00,1059.00,1058.00,1055.00,1051.00,1050.00,1053.00,1060.00,1072.00,1087.00,1108.00,1132.00,1160.00,1186.00,1205.00,1216.00,1217.00,1218.00,1224.00,1234.00,1246.00,1259.00,1274.00,1291.00,1303.00,1307.00,1306.00
Utah,49,3096848,_Overall, 932.00, 917.00, 928.00, 949.00, 975.00, 986.00, 996.00, 995.00, 996.00, 994.00, 995.00, 994.00, 994.00,1001.00,1015.00,1029.00,1038.00,1041.00,1044.00,1053.00,1057.00,1055.00,1050.00,1058.00,1057.00,1052.00,1044.00,1052.00,1064.00,1077.00,1085.00,1087.00,1083.00,1078.00,1076.00,1071.00,1070.00,1070.00,1076.00,1069.00,1069.00,1068.00,1077.00,1078.00,1081.00,1081.00,1083.00,1087.00,1095.00,1108.00,1124.00,1145.00,1171.00,1206.00,1241.00,1275.00,1296.00,1311.00,1315.00,1322.00,1328.00,1338.00,1355.00,1374.00,1393.00,1407.00,1420.00,1424.00,1416.00
Utah,49,3096848,1br, 756.00, 744.00, 753.00, 770.00, 791.00, 800.00, 808.00, 807.00, 808.00, 806.00, 807.00, 806.00, 806.00, 812.00, 823.00, 835.00, 842.00, 844.00, 847.00, 854.00, 858.00, 856.00, 852.00, 858.00, 858.00, 853.00, 847.00, 853.00, 863.00, 873.00, 880.00, 882.00, 878.00, 875.00, 872.00, 868.00, 868.00, 868.00, 873.00, 867.00, 867.00, 866.00, 873.00, 874.00, 877.00, 877.00, 879.00, 881.00, 888.00, 898.00, 911.00, 929.00, 950.00, 978.00,1007.00,1034.00,1051.00,1063.00,1067.00,1072.00,1077.00,1085.00,1099.00,1114.00,1130.00,1141.00,1151.00,1155.00,1148.00
Utah,49,3096848,2br, 868.00, 855.00, 865.00, 884.00, 909.00, 918.00, 928.00, 927.00, 928.00, 926.00, 927.00, 926.00, 926.00, 932.00, 946.00, 959.00, 967.00, 970.00, 972.00, 981.00, 985.00, 983.00, 978.00, 986.00, 985.00, 980.00, 973.00, 980.00, 991.00,1003.00,1011.00,1013.00,1009.00,1005.00,1002.00, 998.00, 997.00, 997.00,1002.00, 996.00, 996.00, 995.00,1003.00,1004.00,1007.00,1007.00,1009.00,1012.00,1020.00,1032.00,1047.00,1067.00,1091.00,1123.00,1156.00,1188.00,1208.00,1221.00,1225.00,1231.00,1237.00,1247.00,1262.00,1279.00,1298.00,1311.00,1323.00,1327.00,1319.00
Virginia,51,8454463,_Overall,1227.00,1235.00,1262.00,1274.00,1288.00,1297.00,1300.00,1294.00,1282.00,1271.00,1259.00,1254.00,1251.00,1259.00,1272.00,1288.00,1300.00,1310.00,1316.00,1317.00,1309.00,1299.00,1290.00,1288.00,1290.00,1298.00,1311.00,1326.00,1338.00,1350.00,1356.00,1354.00,1342.00,1328.00,1317.00,1313.00,1315.00,1324.00,1335.00,1335.00,1329.00,1318.00,1314.00,1310.00,1303.00,1289.00,1270.00,1256.00,1259.00,1269.00,1289.00,1312.00,1345.00,1382.00,1416.00,1447.00,1469.00,1473.00,1465.00,1453.00,1450.00,1457.00,1472.00,1492.00,1519.00,1547.00,1570.00,1578.00,1572.00
Virginia,51,8454463,1br,1121.00,1128.00,1153.00,1163.00,1176.00,1185.00,1188.00,1182.00,1171.00,1161.00,1150.00,1145.00,1143.00,1150.00,1162.00,1176.00,1187.00,1197.00,1202.00,1202.00,1195.00,1186.00,1178.00,1176.00,1178.00,1186.00,1197.00,1211.00,1222.00,1233.00,1238.00,1236.00,1225.00,1212.00,1203.00,1199.00,1201.00,1209.00,1220.00,1219.00,1214.00,1203.00,1200.00,1196.00,1190.00,1177.00,1160.00,1147.00,1149.00,1159.00,1177.00,1198.00,1229.00,1262.00,1294.00,1322.00,1341.00,1345.00,1338.00,1327.00,1324.00,1330.00,1345.00,1363.00,1387.00,1413.00,1434.00,1441.00,1436.00
Virginia,51,8454463,2br,1141.00,1148.00,1173.00,1184.00,1197.00,1206.00,1209.00,1203.00,1191.00,1182.00,1171.00,1165.00,1163.00,1170.00,1182.00,1197.00,1208.00,1218.00,1224.00,1224.00,1217.00,1207.00,1199.00,1197.00,1199.00,1207.00,1219.00,1233.00,1244.00,1255.00,1260.00,1258.00,1247.00,1234.00,1224.00,1220.00,1223.00,1230.00,1241.00,1241.00,1235.00,1225.00,1221.00,1217.00,1211.00,1198.00,1180.00,1167.00,1170.00,1180.00,1198.00,1220.00,1251.00,1285.00,1317.00,1345.00,1365.00,1369.00,1362.00,1350.00,1348.00,1354.00,1368.00,1387.00,1412.00,1438.00,1459.00,1467.00,1461.00
Washington,53,7404107,_Overall,1204.00,1213.00,1225.00,1246.00,1278.00,1300.00,1310.00,1300.00,1282.00,1263.00,1246.00,1233.00,1231.00,1238.00,1254.00,1271.00,1292.00,1310.00,1320.00,1321.00,1313.00,1298.00,1286.00,1279.00,1283.00,1291.00,1309.00,1327.00,1347.00,1364.00,1373.00,1373.00,1364.00,1349.00,1335.00,1333.00,1341.00,1356.00,1365.00,1361.00,1349.00,1337.00,1335.00,1332.00,1318.00,1292.00,1259.00,1236.00,1234.00,1250.00,1283.00,1318.00,1361.00,1409.00,1460.00,1510.00,1541.00,1541.00,1518.00,1489.00,1481.00,1488.00,1511.00,1537.00,1569.00,1603.00,1629.00,1637.00,1628.00
Washington,53,7404107,1br,1025.00,1032.00,1043.00,1061.00,1088.00,1107.00,1115.00,1107.00,1091.00,1075.00,1060.00,1049.00,1048.00,1054.00,1067.00,1082.00,1100.00,1115.00,1124.00,1125.00,1118.00,1105.00,1095.00,1089.00,1092.00,1099.00,1114.00,1130.00,1147.00,1161.00,1168.00,1169.00,1161.00,1149.00,1137.00,1134.00,1141.00,1155.00,1162.00,1159.00,1149.00,1139.00,1136.00,1134.00,1122.00,1100.00,1072.00,1052.00,1051.00,1064.00,1092.00,1122.00,1159.00,1199.00,1243.00,1286.00,1312.00,1312.00,1292.00,1268.00,1261.00,1267.00,1286.00,1309.00,1336.00,1365.00,1387.00,1394.00,1386.00
Washington,53,7404107,2br,1160.00,1168.00,1180.00,1201.00,1232.00,1253.00,1262.00,1252.00,1235.00,1217.00,1200.00,1188.00,1186.00,1192.00,1208.00,1225.00,1245.00,1262.00,1272.00,1273.00,1265.00,1251.00,1239.00,1232.00,1236.00,1243.00,1261.00,1279.00,1298.00,1314.00,1322.00,1323.00,1314.00,1300.00,1287.00,1284.00,1292.00,1307.00,1315.00,1311.00,1300.00,1289.00,1286.00,1283.00,1269.00,1244.00,1213.00,1191.00,1189.00,1205.00,1236.00,1270.00,1311.00,1357.00,1406.00,1455.00,1485.00,1485.00,1462.00,1434.00,1426.00,1434.00,1455.00,1481.00,1512.00,1545.00,1569.00,1577.00,1568.00
Wisconsin,55,5790716,_Overall, 844.00, 863.00, 865.00, 870.00, 886.00, 886.00, 887.00, 868.00, 880.00, 867.00, 859.00, 843.00, 848.00, 849.00, 863.00, 879.00, 893.00, 887.00, 877.00, 870.00, 868.00, 869.00, 869.00, 869.00, 872.00, 876.00, 882.00, 889.00, 895.00, 897.00, 896.00, 894.00, 894.00, 893.00, 895.00, 895.00, 896.00, 900.00, 903.00, 907.00, 904.00, 909.00, 913.00, 920.00, 917.00, 915.00, 909.00, 907.00, 911.00, 919.00, 928.00, 937.00, 951.00, 964.00, 975.00, 985.00, 993.00, 994.00, 989.00, 989.00, 997.00,1006.00,1019.00,1033.00,1049.00,1064.00,1074.00,1080.00,1083.00
Wisconsin,55,5790716,1br, 685.00, 701.00, 702.00, 707.00, 720.00, 720.00, 720.00, 705.00, 715.00, 704.00, 698.00, 684.00, 688.00, 689.00, 701.00, 713.00, 725.00, 720.00, 712.00, 707.00, 705.00, 706.00, 705.00, 706.00, 708.00, 711.00, 716.00, 722.00, 726.00, 729.00, 728.00, 726.00, 726.00, 725.00, 727.00, 727.00, 727.00, 730.00, 733.00, 737.00, 734.00, 738.00, 741.00, 747.00, 745.00, 743.00, 738.00, 736.00, 740.00, 746.00, 754.00, 761.00, 772.00, 782.00, 791.00, 800.00, 806.00, 807.00, 803.00, 803.00, 809.00, 817.00, 827.00, 838.00, 852.00, 864.00, 872.00, 877.00, 879.00
Wisconsin,55,5790716,2br, 857.00, 876.00, 878.00, 884.00, 900.00, 900.00, 900.00, 881.00, 894.00, 880.00, 872.00, 856.00, 861.00, 862.00, 876.00, 892.00, 907.00, 901.00, 890.00, 884.00, 881.00, 883.00, 882.00, 882.00, 885.00, 890.00, 896.00, 902.00, 908.00, 911.00, 910.00, 908.00, 908.00, 907.00, 909.00, 909.00, 910.00, 913.00, 917.00, 921.00, 918.00, 922.00, 927.00, 934.00, 931.00, 929.00, 922.00, 921.00, 925.00, 933.00, 942.00, 951.00, 965.00, 978.00, 990.00,1000.00,1008.00,1009.00,1004.00,1004.00,1012.00,1021.00,1034.00,1048.00,1065.00,1080.00,1090.00,1097.00,1099.00
Wyoming,56,581024,_Overall, 861.00, 881.00, 860.00, 833.00, 815.00, 829.00, 851.00, 849.00, 837.00, 820.00, 811.00, 831.00, 841.00, 842.00, 817.00, 807.00, 813.00, 827.00, 820.00, 814.00, 807.00, 815.00, 811.00, 824.00, 847.00, 868.00, 862.00, 849.00, 860.00, 883.00, 899.00, 911.00, 910.00, 905.00, 891.00, 888.00, 879.00, 868.00, 857.00, 847.00, 843.00, 841.00, 838.00, 832.00, 829.00, 818.00, 811.00, 812.00, 808.00, 806.00, 812.00, 844.00, 878.00, 894.00, 910.00, 923.00, 937.00, 941.00, 936.00, 935.00, 933.00, 938.00, 946.00, 973.00,1005.00,1031.00,1040.00,1056.00,1087.00
Wyoming,56,581024,1br, 645.00, 660.00, 644.00, 624.00, 611.00, 621.00, 638.00, 636.00, 628.00, 615.00, 608.00, 623.00, 631.00, 631.00, 612.00, 605.00, 609.00, 620.00, 615.00, 610.00, 605.00, 611.00, 608.00, 618.00, 635.00, 650.00, 646.00, 636.00, 645.00, 662.00, 674.00, 683.00, 682.00, 678.00, 668.00, 666.00, 659.00, 651.00, 643.00, 635.00, 632.00, 630.00, 628.00, 624.00, 621.00, 613.00, 608.00, 609.00, 606.00, 604.00, 609.00, 633.00, 659.00, 670.00, 683.00, 692.00, 703.00, 706.00, 702.00, 701.00, 700.00, 703.00, 710.00, 729.00, 754.00, 773.00, 780.00, 792.00, 815.00
Wyoming,56,581024,2br, 806.00, 825.00, 805.00, 780.00, 764.00, 776.00, 798.00, 795.00, 785.00, 768.00, 760.00, 778.00, 788.00, 789.00, 765.00, 756.00, 761.00, 774.00, 768.00, 763.00, 756.00, 763.00, 760.00, 772.00, 794.00, 813.00, 807.00, 795.00, 806.00, 827.00, 842.00, 854.00, 853.00, 848.00, 835.00, 832.00, 824.00, 814.00, 803.00, 794.00, 789.00, 788.00, 785.00, 779.00, 776.00, 766.00, 760.00, 761.00, 757.00, 755.00, 761.00, 791.00, 823.00, 838.00, 853.00, 865.00, 878.00, 882.00, 877.00, 876.00, 874.00, 878.00, 887.00, 911.00, 942.00, 966.00, 974.00, 990.00,1018.00
